date_recorded,time_recorded,date_game,team,name,status
2023-10-10,09:34:09,2023-10-10,NSH,juuse saros,U
2023-10-10,09:34:09,2023-10-10,TBL,jonas johansson,C
2023-10-10,09:34:09,2023-10-10,CHI,petr mrazek,C
2023-10-10,09:34:09,2023-10-10,PIT,tristan jarry,U
2023-10-10,09:34:09,2023-10-10,SEA,philipp grubauer,U
2023-10-10,09:34:09,2023-10-10,VGK,adin hill,U
2023-10-11,11:23:12,2023-10-11,MTL,jake allen,C
2023-10-11,11:23:12,2023-10-11,TOR,ilya samsonov,P
2023-10-11,11:23:12,2023-10-11,OTT,joonas korpisalo,P
2023-10-11,11:23:12,2023-10-11,CAR,frederik andersen,P
2023-10-11,11:23:12,2023-10-11,CHI,arvid soderblom,C
2023-10-11,11:23:12,2023-10-11,BOS,linus ullmark,C
2023-10-11,11:23:12,2023-10-11,WPG,connor hellebuyck,U
2023-10-11,11:23:12,2023-10-11,CGY,jacob markstrom,C
2023-10-11,11:23:12,2023-10-11,EDM,stuart skinner,U
2023-10-11,11:23:12,2023-10-11,VAN,thatcher demko,U
2023-10-11,11:23:12,2023-10-11,COL,alexandar georgiev,U
2023-10-11,11:23:12,2023-10-11,LAK,cam talbot,U
2023-10-12,11:02:01,2023-10-12,PHI,carter hart,C
2023-10-12,11:02:01,2023-10-12,CBJ,elvis merzlikins,C
2023-10-12,11:02:01,2023-10-12,NYR,igor shesterkin,U
2023-10-12,11:02:01,2023-10-12,BUF,devon levi,P
2023-10-12,11:02:01,2023-10-12,DET,ville husso,C
2023-10-12,11:02:01,2023-10-12,NJD,vitek vanecek,C
2023-10-12,11:02:01,2023-10-12,FLA,sergei bobrovsky,C
2023-10-12,11:02:01,2023-10-12,MIN,filip gustavsson,C
2023-10-12,11:02:01,2023-10-12,SEA,philipp grubauer,U
2023-10-12,11:02:01,2023-10-12,NSH,juuse saros,U
2023-10-12,11:02:01,2023-10-12,STL,jordan binnington,U
2023-10-12,11:02:01,2023-10-12,DAL,jake oettinger,C
2023-10-12,11:02:01,2023-10-12,VGK,logan thompson,C
2023-10-12,11:02:01,2023-10-12,SJS,kaapo kahkonen,C
2023-10-13,13:15:08,2023-10-13,ARI,karel vejmelka,C
2023-10-13,13:15:08,2023-10-13,NJD,akira schmid,U
2023-10-13,13:15:08,2023-10-13,PIT,tristan jarry,C
2023-10-13,13:15:08,2023-10-13,WSH,darcy kuemper,U
2023-10-14,14:41:23,2023-10-14,PHI,carter hart,C
2023-10-14,14:41:23,2023-10-14,OTT,anton forsberg,C
2023-10-14,14:41:23,2023-10-14,FLA,sergei bobrovsky,C
2023-10-14,14:41:23,2023-10-14,WPG,connor hellebuyck,C
2023-10-14,14:41:23,2023-10-14,TBL,jonas johansson,P
2023-10-14,14:41:23,2023-10-14,DET,ville husso,C
2023-10-14,14:41:23,2023-10-14,NYR,igor shesterkin,C
2023-10-14,14:41:23,2023-10-14,CBJ,elvis merzlikins,C
2023-10-14,14:41:23,2023-10-14,MIN,filip gustavsson,C
2023-10-14,14:41:23,2023-10-14,TOR,ilya samsonov,C
2023-10-14,14:41:23,2023-10-14,CGY,jacob markstrom,C
2023-10-14,14:41:23,2023-10-14,PIT,alex nedeljkovic,P
2023-10-14,14:41:23,2023-10-14,CHI,petr mrazek,C
2023-10-14,14:41:23,2023-10-14,MTL,samuel montembeault,C
2023-10-14,14:41:23,2023-10-14,NSH,juuse saros,C
2023-10-14,14:41:23,2023-10-14,BOS,jeremy swayman,C
2023-10-14,14:41:23,2023-10-14,BUF,devon levi,C
2023-10-14,14:41:23,2023-10-14,NYI,ilya sorokin,C
2023-10-14,14:41:23,2023-10-14,SEA,joey daccord,P
2023-10-14,14:41:23,2023-10-14,STL,jordan binnington,C
2023-10-14,14:41:23,2023-10-14,COL,alexandar georgiev,C
2023-10-14,14:41:23,2023-10-14,SJS,mackenzie blackwood,C
2023-10-14,14:41:23,2023-10-14,ANA,john gibson,P
2023-10-14,14:41:23,2023-10-14,VGK,adin hill,C
2023-10-14,14:41:23,2023-10-14,VAN,casey desmith,C
2023-10-14,14:41:23,2023-10-14,EDM,stuart skinner,C
2023-10-14,14:41:23,2023-10-14,CAR,frederik andersen,P
2023-10-14,14:41:23,2023-10-14,LAK,pheonix copley,C
2023-10-15,11:00:58,2023-10-15,TBL,matt tomkins,U
2023-10-15,11:00:58,2023-10-15,OTT,joonas korpisalo,U
2023-10-15,11:00:58,2023-10-15,CAR,antti raanta,U
2023-10-15,11:00:58,2023-10-15,ANA,lukas dostal,U
2023-10-16,11:11:42,2023-10-16,DET,james reimer,C
2023-10-16,11:11:42,2023-10-16,CBJ,spencer martin,C
2023-10-16,11:11:42,2023-10-16,CGY,jacob markstrom,U
2023-10-16,11:11:42,2023-10-16,WSH,darcy kuemper,C
2023-10-16,11:11:42,2023-10-16,CHI,petr mrazek,U
2023-10-16,11:11:42,2023-10-16,TOR,joseph woll,C
2023-10-16,11:11:42,2023-10-16,ARI,connor ingram,C
2023-10-16,11:11:42,2023-10-16,NYR,igor shesterkin,C
2023-10-16,11:11:42,2023-10-16,FLA,sergei bobrovsky,P
2023-10-16,11:11:42,2023-10-16,NJD,vitek vanecek,P
2023-10-17,11:22:41,2023-10-17,VAN,thatcher demko,U
2023-10-17,11:22:41,2023-10-17,PHI,carter hart,U
2023-10-17,11:22:41,2023-10-17,MIN,marc andre fleury,C
2023-10-17,11:22:41,2023-10-17,MTL,samuel montembeault,C
2023-10-17,11:22:41,2023-10-17,ARI,karel vejmelka,C
2023-10-17,11:22:41,2023-10-17,NYI,ilya sorokin,C
2023-10-17,11:22:41,2023-10-17,TBL,jonas johansson,U
2023-10-17,11:22:41,2023-10-17,BUF,devon levi,C
2023-10-17,11:22:41,2023-10-17,LAK,cam talbot,U
2023-10-17,11:22:41,2023-10-17,WPG,connor hellebuyck,C
2023-10-17,11:22:41,2023-10-17,EDM,stuart skinner,U
2023-10-17,11:22:41,2023-10-17,NSH,juuse saros,U
2023-10-17,11:22:41,2023-10-17,COL,alexandar georgiev,C
2023-10-17,11:22:41,2023-10-17,SEA,philipp grubauer,U
2023-10-17,11:22:41,2023-10-17,DAL,jake oettinger,U
2023-10-17,11:22:41,2023-10-17,VGK,adin hill,U
2023-10-17,11:22:41,2023-10-17,CAR,frederik andersen,U
2023-10-17,11:22:41,2023-10-17,SJS,mackenzie blackwood,C
2023-10-18,17:07:44,2023-10-18,WSH,darcy kuemper,U
2023-10-18,17:07:44,2023-10-18,OTT,anton forsberg,P
2023-10-18,17:07:44,2023-10-18,PIT,tristan jarry,C
2023-10-18,17:07:44,2023-10-18,DET,ville husso,C
2023-10-19,10:05:22,2023-10-19,TOR,ilya samsonov,C
2023-10-19,10:05:22,2023-10-19,FLA,sergei bobrovsky,C
2023-10-19,10:05:22,2023-10-19,VAN,thatcher demko,U
2023-10-19,10:05:22,2023-10-19,TBL,jonas johansson,U
2023-10-19,10:05:22,2023-10-19,NSH,juuse saros,U
2023-10-19,10:05:22,2023-10-19,NYR,igor shesterkin,P
2023-10-19,10:05:22,2023-10-19,CGY,daniel vladar,P
2023-10-19,10:05:22,2023-10-19,BUF,devon levi,P
2023-10-19,10:05:22,2023-10-19,EDM,stuart skinner,U
2023-10-19,10:05:22,2023-10-19,PHI,carter hart,C
2023-10-19,10:05:22,2023-10-19,LAK,cam talbot,U
2023-10-19,10:05:22,2023-10-19,MIN,marc andre fleury,C
2023-10-19,10:05:22,2023-10-19,VGK,adin hill,U
2023-10-19,10:05:22,2023-10-19,WPG,laurent brossoit,C
2023-10-19,10:05:22,2023-10-19,ARI,karel vejmelka,U
2023-10-19,10:05:22,2023-10-19,STL,jordan binnington,U
2023-10-19,10:05:22,2023-10-19,CAR,frederik andersen,U
2023-10-19,10:05:22,2023-10-19,SEA,philipp grubauer,U
2023-10-19,10:05:22,2023-10-19,DAL,jake oettinger,U
2023-10-19,10:05:22,2023-10-19,ANA,john gibson,U
2023-10-19,10:05:22,2023-10-19,BOS,linus ullmark,U
2023-10-19,10:05:22,2023-10-19,SJS,kaapo kahkonen,C
2023-10-19,10:05:22,2023-10-19,CHI,arvid soderblom,U
2023-10-19,10:05:22,2023-10-19,COL,alexandar georgiev,U
2023-10-20,09:52:07,2023-10-20,CGY,jacob markstrom,U
2023-10-20,09:52:07,2023-10-20,CBJ,elvis merzlikins,C
2023-10-20,09:52:07,2023-10-20,NJD,akira schmid,U
2023-10-20,09:52:07,2023-10-20,NYI,ilya sorokin,P
2023-10-21,10:07:56,2023-10-21,DET,ville husso,C
2023-10-21,10:07:56,2023-10-21,OTT,joonas korpisalo,U
2023-10-21,10:07:56,2023-10-21,ANA,john gibson,U
2023-10-21,10:07:56,2023-10-21,ARI,karel vejmelka,U
2023-10-21,10:07:56,2023-10-21,WSH,darcy kuemper,U
2023-10-21,10:07:56,2023-10-21,MTL,jake allen,C
2023-10-21,10:07:56,2023-10-21,VAN,thatcher demko,U
2023-10-21,10:07:56,2023-10-21,FLA,sergei bobrovsky,C
2023-10-21,10:07:56,2023-10-21,TOR,ilya samsonov,U
2023-10-21,10:07:56,2023-10-21,TBL,jonas johansson,C
2023-10-21,10:07:56,2023-10-21,NYI,semyon varlamov,C
2023-10-21,10:07:56,2023-10-21,BUF,eric comrie,P
2023-10-21,10:07:56,2023-10-21,CBJ,elvis merzlikins,U
2023-10-21,10:07:56,2023-10-21,MIN,filip gustavsson,U
2023-10-21,10:07:56,2023-10-21,SJS,mackenzie blackwood,U
2023-10-21,10:07:56,2023-10-21,NSH,juuse saros,U
2023-10-21,10:07:56,2023-10-21,PIT,tristan jarry,U
2023-10-21,10:07:56,2023-10-21,STL,jordan binnington,U
2023-10-21,10:07:56,2023-10-21,PHI,carter hart,U
2023-10-21,10:07:56,2023-10-21,DAL,jake oettinger,U
2023-10-21,10:07:56,2023-10-21,VGK,adin hill,U
2023-10-21,10:07:56,2023-10-21,CHI,arvid soderblom,U
2023-10-21,10:07:56,2023-10-21,CAR,pyotr kochetkov,U
2023-10-21,10:07:56,2023-10-21,COL,alexandar georgiev,U
2023-10-21,10:07:56,2023-10-21,NYR,igor shesterkin,U
2023-10-21,10:07:56,2023-10-21,SEA,philipp grubauer,U
2023-10-21,10:07:56,2023-10-21,WPG,connor hellebuyck,U
2023-10-21,10:07:56,2023-10-21,EDM,stuart skinner,U
2023-10-21,10:07:56,2023-10-21,BOS,jeremy swayman,U
2023-10-21,10:07:56,2023-10-21,LAK,cam talbot,U
2023-10-22,10:49:54,2023-10-22,CGY,jacob markstrom,U
2023-10-22,10:49:54,2023-10-22,DET,james reimer,C
2023-10-22,10:49:54,2023-10-22,BOS,linus ullmark,U
2023-10-22,10:49:54,2023-10-22,ANA,john gibson,U
2023-10-23,10:43:35,2023-10-23,MTL,jake allen,C
2023-10-23,10:43:35,2023-10-23,BUF,eric comrie,C
2023-10-24,10:03:32,2023-10-24,TOR,joseph woll,C
2023-10-24,10:03:32,2023-10-24,WSH,darcy kuemper,C
2023-10-24,10:03:32,2023-10-24,ANA,john gibson,U
2023-10-24,10:03:32,2023-10-24,CBJ,elvis merzlikins,C
2023-10-24,10:03:32,2023-10-24,BUF,ukko pekka luukkonen,P
2023-10-24,10:03:32,2023-10-24,OTT,anton forsberg,P
2023-10-24,10:03:32,2023-10-24,CAR,antti raanta,U
2023-10-24,10:03:32,2023-10-24,TBL,jonas johansson,P
2023-10-24,10:03:32,2023-10-24,NJD,vitek vanecek,U
2023-10-24,10:03:32,2023-10-24,MTL,samuel montembeault,U
2023-10-24,10:03:32,2023-10-24,DAL,jake oettinger,U
2023-10-24,10:03:32,2023-10-24,PIT,alex nedeljkovic,P
2023-10-24,10:03:32,2023-10-24,SJS,mackenzie blackwood,U
2023-10-24,10:03:32,2023-10-24,FLA,anthony stolarz,C
2023-10-24,10:03:32,2023-10-24,COL,alexandar georgiev,U
2023-10-24,10:03:32,2023-10-24,NYI,ilya sorokin,C
2023-10-24,10:03:32,2023-10-24,SEA,philipp grubauer,U
2023-10-24,10:03:32,2023-10-24,DET,ville husso,P
2023-10-24,10:03:32,2023-10-24,BOS,jeremy swayman,U
2023-10-24,10:03:32,2023-10-24,CHI,petr mrazek,U
2023-10-24,10:03:32,2023-10-24,STL,jordan binnington,U
2023-10-24,10:03:32,2023-10-24,WPG,connor hellebuyck,U
2023-10-24,10:03:32,2023-10-24,EDM,jack campbell,U
2023-10-24,10:03:32,2023-10-24,MIN,filip gustavsson,U
2023-10-24,10:03:32,2023-10-24,VAN,thatcher demko,U
2023-10-24,10:03:32,2023-10-24,NSH,juuse saros,U
2023-10-24,10:03:32,2023-10-24,NYR,igor shesterkin,U
2023-10-24,10:03:32,2023-10-24,CGY,jacob markstrom,U
2023-10-24,10:03:32,2023-10-24,ARI,connor ingram,C
2023-10-24,10:03:32,2023-10-24,LAK,cam talbot,U
2023-10-24,10:03:32,2023-10-24,PHI,carter hart,U
2023-10-24,10:03:32,2023-10-24,VGK,adin hill,U
2023-10-25,10:41:50,2023-10-25,WSH,hunter shepard,C
2023-10-25,10:41:50,2023-10-25,NJD,akira schmid,U
2023-10-26,10:04:01,2023-10-26,SJS,mackenzie blackwood,U
2023-10-26,10:04:01,2023-10-26,TBL,jonas johansson,P
2023-10-26,10:04:01,2023-10-26,COL,alexandar georgiev,U
2023-10-26,10:04:01,2023-10-26,PIT,tristan jarry,P
2023-10-26,10:04:01,2023-10-26,CBJ,elvis merzlikins,U
2023-10-26,10:04:01,2023-10-26,MTL,samuel montembeault,P
2023-10-26,10:04:01,2023-10-26,SEA,philipp grubauer,U
2023-10-26,10:04:01,2023-10-26,CAR,frederik andersen,U
2023-10-26,10:04:01,2023-10-26,WPG,connor hellebuyck,U
2023-10-26,10:04:01,2023-10-26,DET,james reimer,C
2023-10-26,10:04:01,2023-10-26,ANA,john gibson,U
2023-10-26,10:04:01,2023-10-26,BOS,linus ullmark,U
2023-10-26,10:04:01,2023-10-26,OTT,joonas korpisalo,U
2023-10-26,10:04:01,2023-10-26,NYI,ilya sorokin,C
2023-10-26,10:04:01,2023-10-26,MIN,filip gustavsson,U
2023-10-26,10:04:01,2023-10-26,PHI,carter hart,C
2023-10-26,10:04:01,2023-10-26,TOR,joseph woll,U
2023-10-26,10:04:01,2023-10-26,DAL,jake oettinger,U
2023-10-26,10:04:01,2023-10-26,NYR,igor shesterkin,U
2023-10-26,10:04:01,2023-10-26,EDM,stuart skinner,U
2023-10-26,10:04:01,2023-10-26,STL,jordan binnington,U
2023-10-26,10:04:01,2023-10-26,CGY,jacob markstrom,U
2023-10-27,07:50:37,2023-10-27,CHI,petr mrazek,U
2023-10-27,07:50:37,2023-10-27,VGK,logan thompson,U
2023-10-27,07:50:37,2023-10-27,MIN,marc andre fleury,C
2023-10-27,07:50:37,2023-10-27,WSH,hunter shepard,U
2023-10-27,07:50:37,2023-10-27,BUF,ukko pekka luukkonen,U
2023-10-27,07:50:37,2023-10-27,NJD,akira schmid,U
2023-10-27,07:50:37,2023-10-27,SJS,kaapo kahkonen,C
2023-10-27,07:50:37,2023-10-27,CAR,frederik andersen,U
2023-10-27,07:50:37,2023-10-27,LAK,pheonix copley,U
2023-10-27,07:50:37,2023-10-27,ARI,karel vejmelka,C
2023-10-27,07:50:37,2023-10-27,STL,jordan binnington,C
2023-10-27,07:50:37,2023-10-27,VAN,thatcher demko,U
2023-10-28,09:42:11,2023-10-28,ANA,lukas dostal,U
2023-10-28,09:42:11,2023-10-28,PHI,carter hart,U
2023-10-28,09:42:11,2023-10-28,SEA,joey daccord,U
2023-10-28,09:42:11,2023-10-28,FLA,sergei bobrovsky,C
2023-10-28,09:42:11,2023-10-28,NYI,ilya sorokin,U
2023-10-28,09:42:11,2023-10-28,CBJ,elvis merzlikins,U
2023-10-28,09:42:11,2023-10-28,TOR,ilya samsonov,C
2023-10-28,09:42:11,2023-10-28,NSH,juuse saros,C
2023-10-28,09:42:11,2023-10-28,OTT,joonas korpisalo,U
2023-10-28,09:42:11,2023-10-28,PIT,tristan jarry,U
2023-10-28,09:42:11,2023-10-28,WPG,connor hellebuyck,U
2023-10-28,09:42:11,2023-10-28,MTL,jake allen,C
2023-10-28,09:42:11,2023-10-28,DET,ville husso,C
2023-10-28,09:42:11,2023-10-28,BOS,jeremy swayman,U
2023-10-28,09:42:11,2023-10-28,NYR,igor shesterkin,U
2023-10-28,09:42:11,2023-10-28,VAN,casey desmith,C
2023-10-28,09:42:11,2023-10-28,VGK,logan thompson,U
2023-10-28,09:42:11,2023-10-28,LAK,cam talbot,U
2023-10-29,08:37:42,2023-10-29,COL,alexandar georgiev,U
2023-10-29,08:37:42,2023-10-29,BUF,ukko pekka luukkonen,C
2023-10-29,08:37:42,2023-10-29,SJS,mackenzie blackwood,U
2023-10-29,08:37:42,2023-10-29,WSH,darcy kuemper,C
2023-10-29,08:37:42,2023-10-29,MIN,filip gustavsson,U
2023-10-29,08:37:42,2023-10-29,NJD,vitek vanecek,U
2023-10-29,08:37:42,2023-10-29,CGY,jacob markstrom,U
2023-10-29,08:37:42,2023-10-29,EDM,stuart skinner,P
2023-10-30,11:53:02,2023-10-30,SEA,philipp grubauer,U
2023-10-30,11:53:02,2023-10-30,TBL,jonas johansson,P
2023-10-30,11:53:02,2023-10-30,CAR,frederik andersen,P
2023-10-30,11:53:02,2023-10-30,PHI,carter hart,C
2023-10-30,11:53:02,2023-10-30,ANA,john gibson,P
2023-10-30,11:53:02,2023-10-30,PIT,tristan jarry,P
2023-10-30,11:53:02,2023-10-30,FLA,sergei bobrovsky,U
2023-10-30,11:53:02,2023-10-30,BOS,linus ullmark,U
2023-10-30,11:53:02,2023-10-30,NYR,igor shesterkin,P
2023-10-30,11:53:02,2023-10-30,WPG,connor hellebuyck,P
2023-10-30,11:53:02,2023-10-30,DET,ville husso,U
2023-10-30,11:53:02,2023-10-30,NYI,ilya sorokin,C
2023-10-30,11:53:02,2023-10-30,CBJ,elvis merzlikins,C
2023-10-30,11:53:02,2023-10-30,DAL,jake oettinger,P
2023-10-30,11:53:02,2023-10-30,MTL,jake allen,U
2023-10-30,11:53:02,2023-10-30,VGK,adin hill,U
2023-10-30,11:53:02,2023-10-30,CHI,petr mrazek,U
2023-10-30,11:53:02,2023-10-30,ARI,connor ingram,C
2023-10-31,10:00:52,2023-10-31,LAK,cam talbot,P
2023-10-31,10:00:52,2023-10-31,TOR,joseph woll,C
2023-10-31,10:00:52,2023-10-31,NSH,juuse saros,U
2023-10-31,10:00:52,2023-10-31,VAN,thatcher demko,U
2023-11-01,11:16:22,2023-11-01,BUF,ukko pekka luukkonen,U
2023-11-01,11:16:22,2023-11-01,PHI,carter hart,C
2023-11-01,11:16:22,2023-11-01,DAL,jake oettinger,U
2023-11-01,11:16:22,2023-11-01,CGY,jacob markstrom,P
2023-11-01,11:16:22,2023-11-01,STL,jordan binnington,U
2023-11-01,11:16:22,2023-11-01,COL,ivan prosvetov,P
2023-11-01,11:16:22,2023-11-01,ARI,karel vejmelka,C
2023-11-01,11:16:22,2023-11-01,ANA,lukas dostal,U
2023-11-02,10:02:39,2023-11-02,TBL,jonas johansson,U
2023-11-02,10:02:39,2023-11-02,CBJ,elvis merzlikins,C
2023-11-02,10:02:39,2023-11-02,NYI,semyon varlamov,U
2023-11-02,10:02:39,2023-11-02,WSH,darcy kuemper,U
2023-11-02,10:02:39,2023-11-02,LAK,cam talbot,U
2023-11-02,10:02:39,2023-11-02,OTT,joonas korpisalo,U
2023-11-02,10:02:39,2023-11-02,CAR,frederik andersen,U
2023-11-02,10:02:39,2023-11-02,NYR,igor shesterkin,P
2023-11-02,10:02:39,2023-11-02,FLA,sergei bobrovsky,U
2023-11-02,10:02:39,2023-11-02,DET,james reimer,C
2023-11-02,10:02:39,2023-11-02,TOR,ilya samsonov,U
2023-11-02,10:02:39,2023-11-02,BOS,jeremy swayman,U
2023-11-02,10:02:39,2023-11-02,NJD,vitek vanecek,U
2023-11-02,10:02:39,2023-11-02,MIN,filip gustavsson,U
2023-11-02,10:02:39,2023-11-02,DAL,scott wedgewood,U
2023-11-02,10:02:39,2023-11-02,EDM,stuart skinner,U
2023-11-02,10:02:39,2023-11-02,NSH,juuse saros,U
2023-11-02,10:02:39,2023-11-02,SEA,philipp grubauer,U
2023-11-02,10:02:39,2023-11-02,WPG,connor hellebuyck,U
2023-11-02,10:02:39,2023-11-02,VGK,logan thompson,U
2023-11-02,10:02:39,2023-11-02,MTL,jake allen,U
2023-11-02,10:02:39,2023-11-02,ARI,connor ingram,C
2023-11-02,10:02:39,2023-11-02,VAN,thatcher demko,U
2023-11-02,10:02:39,2023-11-02,SJS,kaapo kahkonen,C
2023-11-03,11:10:48,2023-11-03,PHI,samuel ersson,C
2023-11-03,11:10:48,2023-11-03,BUF,ukko pekka luukkonen,C
2023-11-03,11:10:48,2023-11-03,NJD,akira schmid,U
2023-11-03,11:10:48,2023-11-03,STL,jordan binnington,P
2023-11-04,10:13:50,2023-11-04,NSH,juuse saros,U
2023-11-04,10:13:50,2023-11-04,EDM,stuart skinner,U
2023-11-04,10:13:50,2023-11-04,WPG,connor hellebuyck,U
2023-11-04,10:13:50,2023-11-04,ARI,karel vejmelka,U
2023-11-04,10:13:50,2023-11-04,TBL,jonas johansson,U
2023-11-04,10:13:50,2023-11-04,OTT,joonas korpisalo,P
2023-11-04,10:13:50,2023-11-04,CBJ,elvis merzlikins,U
2023-11-04,10:13:50,2023-11-04,WSH,charlie lindgren,C
2023-11-04,10:13:50,2023-11-04,BUF,devon levi,U
2023-11-04,10:13:50,2023-11-04,TOR,joseph woll,P
2023-11-04,10:13:50,2023-11-04,MTL,samuel montembeault,C
2023-11-04,10:13:50,2023-11-04,STL,joel hofer,U
2023-11-04,10:13:50,2023-11-04,BOS,linus ullmark,U
2023-11-04,10:13:50,2023-11-04,DET,ville husso,C
2023-11-04,10:13:50,2023-11-04,LAK,cam talbot,U
2023-11-04,10:13:50,2023-11-04,PHI,cal petersen,U
2023-11-04,10:13:50,2023-11-04,CAR,frederik andersen,U
2023-11-04,10:13:50,2023-11-04,NYI,ilya sorokin,C
2023-11-04,10:13:50,2023-11-04,NYR,jonathan quick,C
2023-11-04,10:13:50,2023-11-04,MIN,marc andre fleury,U
2023-11-04,10:13:50,2023-11-04,FLA,sergei bobrovsky,U
2023-11-04,10:13:50,2023-11-04,CHI,petr mrazek,U
2023-11-04,10:13:50,2023-11-04,DAL,jake oettinger,U
2023-11-04,10:13:50,2023-11-04,VAN,thatcher demko,U
2023-11-04,10:13:50,2023-11-04,PIT,tristan jarry,U
2023-11-04,10:13:50,2023-11-04,SJS,mackenzie blackwood,U
2023-11-04,10:13:50,2023-11-04,CGY,jacob markstrom,U
2023-11-04,10:13:50,2023-11-04,SEA,philipp grubauer,U
2023-11-04,10:13:50,2023-11-04,COL,alexandar georgiev,U
2023-11-04,10:13:50,2023-11-04,VGK,adin hill,U
2023-11-05,09:14:14,2023-11-05,NJD,vitek vanecek,U
2023-11-05,09:14:14,2023-11-05,CHI,arvid soderblom,U
2023-11-05,09:14:14,2023-11-05,VGK,logan thompson,U
2023-11-05,09:14:14,2023-11-05,ANA,lukas dostal,U
2023-11-06,11:08:02,2023-11-06,CBJ,elvis merzlikins,U
2023-11-06,11:08:02,2023-11-06,FLA,sergei bobrovsky,P
2023-11-06,11:08:02,2023-11-06,TBL,jonas johansson,U
2023-11-06,11:08:02,2023-11-06,TOR,ilya samsonov,P
2023-11-06,11:08:02,2023-11-06,BOS,jeremy swayman,U
2023-11-06,11:08:02,2023-11-06,DAL,jake oettinger,U
2023-11-06,11:08:02,2023-11-06,EDM,stuart skinner,U
2023-11-06,11:08:02,2023-11-06,VAN,thatcher demko,U
2023-11-07,10:05:49,2023-11-07,TBL,matt tomkins,U
2023-11-07,10:05:49,2023-11-07,MTL,jake allen,U
2023-11-07,10:05:49,2023-11-07,BUF,devon levi,U
2023-11-07,10:05:49,2023-11-07,CAR,antti raanta,P
2023-11-07,10:05:49,2023-11-07,DET,ville husso,C
2023-11-07,10:05:49,2023-11-07,NYR,jonathan quick,C
2023-11-07,10:05:49,2023-11-07,MIN,marc andre fleury,C
2023-11-07,10:05:49,2023-11-07,NYI,semyon varlamov,P
2023-11-07,10:05:49,2023-11-07,WPG,connor hellebuyck,U
2023-11-07,10:05:49,2023-11-07,STL,jordan binnington,U
2023-11-07,10:05:49,2023-11-07,SEA,philipp grubauer,U
2023-11-07,10:05:49,2023-11-07,ARI,connor ingram,C
2023-11-07,10:05:49,2023-11-07,NSH,juuse saros,U
2023-11-07,10:05:49,2023-11-07,CGY,jacob markstrom,U
2023-11-07,10:05:49,2023-11-07,NJD,vitek vanecek,U
2023-11-07,10:05:49,2023-11-07,COL,alexandar georgiev,U
2023-11-07,10:05:49,2023-11-07,PIT,tristan jarry,U
2023-11-07,10:05:49,2023-11-07,ANA,lukas dostal,U
2023-11-07,10:05:49,2023-11-07,PHI,samuel ersson,U
2023-11-07,10:05:49,2023-11-07,SJS,mackenzie blackwood,U
2023-11-08,11:45:53,2023-11-08,OTT,anton forsberg,U
2023-11-08,11:45:53,2023-11-08,TOR,joseph woll,P
2023-11-08,11:45:53,2023-11-08,FLA,sergei bobrovsky,C
2023-11-08,11:45:53,2023-11-08,WSH,darcy kuemper,P
2023-11-08,11:45:53,2023-11-08,LAK,cam talbot,U
2023-11-08,11:45:53,2023-11-08,VGK,adin hill,U
2023-11-09,10:01:22,2023-11-09,CHI,petr mrazek,U
2023-11-09,10:01:22,2023-11-09,TBL,jonas johansson,U
2023-11-09,10:01:22,2023-11-09,MTL,samuel montembeault,U
2023-11-09,10:01:22,2023-11-09,DET,james reimer,C
2023-11-09,10:01:22,2023-11-09,VAN,thatcher demko,U
2023-11-09,10:01:22,2023-11-09,OTT,anton forsberg,U
2023-11-09,10:01:22,2023-11-09,MIN,filip gustavsson,U
2023-11-09,10:01:22,2023-11-09,NYR,louis domingue,P
2023-11-09,10:01:22,2023-11-09,NYI,ilya sorokin,U
2023-11-09,10:01:22,2023-11-09,BOS,linus ullmark,U
2023-11-09,10:01:22,2023-11-09,DAL,jake oettinger,U
2023-11-09,10:01:22,2023-11-09,CBJ,spencer martin,C
2023-11-09,10:01:22,2023-11-09,NSH,juuse saros,U
2023-11-09,10:01:22,2023-11-09,WPG,laurent brossoit,P
2023-11-09,10:01:22,2023-11-09,ARI,karel vejmelka,U
2023-11-09,10:01:22,2023-11-09,STL,jordan binnington,U
2023-11-09,10:01:22,2023-11-09,SEA,philipp grubauer,U
2023-11-09,10:01:22,2023-11-09,COL,alexandar georgiev,U
2023-11-09,10:01:22,2023-11-09,EDM,stuart skinner,U
2023-11-09,10:01:22,2023-11-09,SJS,mackenzie blackwood,U
2023-11-09,10:01:22,2023-11-09,PIT,magnus hellberg,U
2023-11-09,10:01:22,2023-11-09,LAK,pheonix copley,U
2023-11-10,10:39:23,2023-11-10,CAR,antti raanta,U
2023-11-10,10:39:23,2023-11-10,FLA,sergei bobrovsky,C
2023-11-10,10:39:23,2023-11-10,CGY,jacob markstrom,U
2023-11-10,10:39:23,2023-11-10,TOR,joseph woll,C
2023-11-10,10:39:23,2023-11-10,WSH,charlie lindgren,P
2023-11-10,10:39:23,2023-11-10,NJD,vitek vanecek,P
2023-11-10,10:39:23,2023-11-10,MIN,filip gustavsson,C
2023-11-10,10:39:23,2023-11-10,BUF,devon levi,U
2023-11-10,10:39:23,2023-11-10,SJS,kaapo kahkonen,C
2023-11-10,10:39:23,2023-11-10,VGK,logan thompson,U
2023-11-10,10:39:23,2023-11-10,PHI,carter hart,C
2023-11-10,10:39:23,2023-11-10,ANA,lukas dostal,U
2023-11-11,10:12:27,2023-11-11,CBJ,spencer martin,C
2023-11-11,10:12:27,2023-11-11,DET,ville husso,C
2023-11-11,10:12:27,2023-11-11,DAL,jake oettinger,U
2023-11-11,10:12:27,2023-11-11,WPG,connor hellebuyck,U
2023-11-11,10:12:27,2023-11-11,VAN,thatcher demko,U
2023-11-11,10:12:27,2023-11-11,TOR,ilya samsonov,C
2023-11-11,10:12:27,2023-11-11,CAR,pyotr kochetkov,U
2023-11-11,10:12:27,2023-11-11,TBL,jonas johansson,U
2023-11-11,10:12:27,2023-11-11,CGY,dustin wolf,U
2023-11-11,10:12:27,2023-11-11,OTT,joonas korpisalo,P
2023-11-11,10:12:27,2023-11-11,BOS,jeremy swayman,U
2023-11-11,10:12:27,2023-11-11,MTL,samuel montembeault,C
2023-11-11,10:12:27,2023-11-11,BUF,ukko pekka luukkonen,U
2023-11-11,10:12:27,2023-11-11,PIT,tristan jarry,P
2023-11-11,10:12:27,2023-11-11,WSH,darcy kuemper,U
2023-11-11,10:12:27,2023-11-11,NYI,semyon varlamov,C
2023-11-11,10:12:27,2023-11-11,ARI,connor ingram,U
2023-11-11,10:12:27,2023-11-11,NSH,juuse saros,U
2023-11-11,10:12:27,2023-11-11,STL,jordan binnington,U
2023-11-11,10:12:27,2023-11-11,COL,alexandar georgiev,U
2023-11-11,10:12:27,2023-11-11,EDM,stuart skinner,U
2023-11-11,10:12:27,2023-11-11,SEA,philipp grubauer,U
2023-11-11,10:12:27,2023-11-11,PHI,samuel ersson,U
2023-11-11,10:12:27,2023-11-11,LAK,cam talbot,U
2023-11-12,10:47:01,2023-11-12,CHI,arvid soderblom,C
2023-11-12,10:47:01,2023-11-12,FLA,sergei bobrovsky,C
2023-11-12,10:47:01,2023-11-12,DAL,jake oettinger,P
2023-11-12,10:47:01,2023-11-12,MIN,marc andre fleury,U
2023-11-12,10:47:01,2023-11-12,CBJ,elvis merzlikins,C
2023-11-12,10:47:01,2023-11-12,NYR,jonathan quick,C
2023-11-12,10:47:01,2023-11-12,VAN,casey desmith,C
2023-11-12,10:47:01,2023-11-12,MTL,jake allen,P
2023-11-12,10:47:01,2023-11-12,SJS,mackenzie blackwood,U
2023-11-12,10:47:01,2023-11-12,ANA,john gibson,U
2023-11-13,11:32:40,2023-11-13,NYI,ilya sorokin,U
2023-11-13,11:32:40,2023-11-13,EDM,stuart skinner,P
2023-11-13,11:32:40,2023-11-13,COL,alexandar georgiev,U
2023-11-13,11:32:40,2023-11-13,SEA,philipp grubauer,U
2023-11-14,10:03:03,2023-11-14,PIT,tristan jarry,U
2023-11-14,10:03:03,2023-11-14,CBJ,elvis merzlikins,P
2023-11-14,10:03:03,2023-11-14,VGK,logan thompson,U
2023-11-14,10:03:03,2023-11-14,WSH,charlie lindgren,U
2023-11-14,10:03:03,2023-11-14,CGY,jacob markstrom,U
2023-11-14,10:03:03,2023-11-14,MTL,samuel montembeault,U
2023-11-14,10:03:03,2023-11-14,BOS,linus ullmark,U
2023-11-14,10:03:03,2023-11-14,BUF,devon levi,P
2023-11-14,10:03:03,2023-11-14,NJD,akira schmid,U
2023-11-14,10:03:03,2023-11-14,WPG,connor hellebuyck,U
2023-11-14,10:03:03,2023-11-14,ANA,john gibson,U
2023-11-14,10:03:03,2023-11-14,NSH,juuse saros,U
2023-11-14,10:03:03,2023-11-14,TBL,jonas johansson,U
2023-11-14,10:03:03,2023-11-14,STL,jordan binnington,U
2023-11-14,10:03:03,2023-11-14,ARI,karel vejmelka,U
2023-11-14,10:03:03,2023-11-14,DAL,jake oettinger,U
2023-11-14,10:03:03,2023-11-14,FLA,anthony stolarz,P
2023-11-14,10:03:03,2023-11-14,SJS,mackenzie blackwood,U
2023-11-15,11:24:40,2023-11-15,PHI,carter hart,C
2023-11-15,11:24:40,2023-11-15,CAR,pyotr kochetkov,P
2023-11-15,11:24:40,2023-11-15,SEA,philipp grubauer,U
2023-11-15,11:24:40,2023-11-15,EDM,stuart skinner,C
2023-11-15,11:24:40,2023-11-15,ANA,lukas dostal,U
2023-11-15,11:24:40,2023-11-15,COL,alexandar georgiev,U
2023-11-15,11:24:40,2023-11-15,NYI,ilya sorokin,U
2023-11-15,11:24:40,2023-11-15,VAN,thatcher demko,U
2023-11-16,10:02:30,2023-11-16,DET,james reimer,C
2023-11-16,10:02:30,2023-11-16,OTT,joonas korpisalo,P
2023-11-16,10:02:30,2023-11-16,NJD,vitek vanecek,U
2023-11-16,10:02:30,2023-11-16,PIT,tristan jarry,P
2023-11-16,10:02:30,2023-11-16,ARI,connor ingram,U
2023-11-16,10:02:30,2023-11-16,CBJ,elvis merzlikins,P
2023-11-16,10:02:30,2023-11-16,VGK,adin hill,U
2023-11-16,10:02:30,2023-11-16,MTL,jake allen,U
2023-11-16,10:02:30,2023-11-16,TBL,jonas johansson,U
2023-11-16,10:02:30,2023-11-16,CHI,petr mrazek,U
2023-11-16,10:02:30,2023-11-16,VAN,casey desmith,P
2023-11-16,10:02:30,2023-11-16,CGY,jacob markstrom,U
2023-11-16,10:02:30,2023-11-16,NYI,semyon varlamov,P
2023-11-16,10:02:30,2023-11-16,SEA,philipp grubauer,U
2023-11-16,10:02:30,2023-11-16,STL,jordan binnington,U
2023-11-16,10:02:30,2023-11-16,SJS,mackenzie blackwood,U
2023-11-16,10:02:30,2023-11-16,FLA,sergei bobrovsky,U
2023-11-16,10:02:30,2023-11-16,LAK,cam talbot,U
2023-11-17,09:47:39,2023-11-17,TOR,ilya samsonov,P
2023-11-17,09:47:39,2023-11-17,DET,alex lyon,C
2023-11-17,09:47:39,2023-11-17,BUF,eric comrie,P
2023-11-17,09:47:39,2023-11-17,WPG,connor hellebuyck,U
2023-11-17,09:47:39,2023-11-17,FLA,anthony stolarz,U
2023-11-17,09:47:39,2023-11-17,ANA,john gibson,U
2023-11-18,06:47:56,2023-11-18,MIN,filip gustavsson,U
2023-11-18,06:47:56,2023-11-18,OTT,joonas korpisalo,U
2023-11-18,06:47:56,2023-11-18,VGK,logan thompson,U
2023-11-18,06:47:56,2023-11-18,PHI,carter hart,P
2023-11-18,06:47:56,2023-11-18,CHI,arvid soderblom,C
2023-11-18,06:47:56,2023-11-18,NSH,juuse saros,U
2023-11-18,06:47:56,2023-11-18,EDM,stuart skinner,U
2023-11-18,06:47:56,2023-11-18,TBL,jonas johansson,U
2023-11-18,06:47:56,2023-11-18,PIT,tristan jarry,U
2023-11-18,06:47:56,2023-11-18,CAR,antti raanta,U
2023-11-18,06:47:56,2023-11-18,ARI,karel vejmelka,C
2023-11-18,06:47:56,2023-11-18,WPG,laurent brossoit,C
2023-11-18,06:47:56,2023-11-18,NYR,igor shesterkin,U
2023-11-18,06:47:56,2023-11-18,NJD,vitek vanecek,U
2023-11-18,06:47:56,2023-11-18,NYI,ilya sorokin,U
2023-11-18,06:47:56,2023-11-18,CGY,jacob markstrom,U
2023-11-18,06:47:56,2023-11-18,MTL,jake allen,U
2023-11-18,06:47:56,2023-11-18,BOS,jeremy swayman,U
2023-11-18,06:47:56,2023-11-18,CBJ,elvis merzlikins,U
2023-11-18,06:47:56,2023-11-18,WSH,darcy kuemper,U
2023-11-18,06:47:56,2023-11-18,COL,alexandar georgiev,U
2023-11-18,06:47:56,2023-11-18,DAL,jake oettinger,U
2023-11-18,06:47:56,2023-11-18,SEA,philipp grubauer,U
2023-11-18,06:47:56,2023-11-18,VAN,thatcher demko,U
2023-11-18,06:47:56,2023-11-18,STL,jordan binnington,U
2023-11-18,06:47:56,2023-11-18,LAK,cam talbot,U
2023-11-19,08:30:01,2023-11-19,TOR,joseph woll,C
2023-11-19,08:30:01,2023-11-19,MIN,marc andre fleury,C
2023-11-19,08:30:01,2023-11-19,CBJ,spencer martin,U
2023-11-19,08:30:01,2023-11-19,PHI,samuel ersson,U
2023-11-19,08:30:01,2023-11-19,VGK,adin hill,C
2023-11-19,08:30:01,2023-11-19,PIT,magnus hellberg,U
2023-11-19,08:30:01,2023-11-19,BUF,ukko pekka luukkonen,U
2023-11-19,08:30:01,2023-11-19,CHI,petr mrazek,U
2023-11-19,08:30:01,2023-11-19,STL,joel hofer,U
2023-11-19,08:30:01,2023-11-19,ANA,john gibson,U
2023-11-20,09:27:26,2023-11-20,EDM,stuart skinner,U
2023-11-20,09:27:26,2023-11-20,FLA,sergei bobrovsky,U
2023-11-20,09:27:26,2023-11-20,BOS,linus ullmark,U
2023-11-20,09:27:26,2023-11-20,TBL,jonas johansson,U
2023-11-20,09:27:26,2023-11-20,COL,alexandar georgiev,U
2023-11-20,09:27:26,2023-11-20,NSH,juuse saros,U
2023-11-20,09:27:26,2023-11-20,NYR,igor shesterkin,U
2023-11-20,09:27:26,2023-11-20,DAL,jake oettinger,U
2023-11-20,09:27:26,2023-11-20,LAK,cam talbot,U
2023-11-20,09:27:26,2023-11-20,ARI,connor ingram,U
2023-11-20,09:27:26,2023-11-20,CGY,jacob markstrom,U
2023-11-20,09:27:26,2023-11-20,SEA,philipp grubauer,U
2023-11-20,09:27:26,2023-11-20,SJS,kaapo kahkonen,U
2023-11-20,09:27:26,2023-11-20,VAN,thatcher demko,U
2023-11-22,08:46:08,2023-11-22,CHI,petr mrazek,C
2023-11-22,08:46:08,2023-11-22,CBJ,elvis merzlikins,U
2023-11-22,08:46:08,2023-11-22,BOS,linus ullmark,U
2023-11-22,08:46:08,2023-11-22,FLA,sergei bobrovsky,U
2023-11-22,08:46:08,2023-11-22,BUF,devon levi,U
2023-11-22,08:46:08,2023-11-22,WSH,darcy kuemper,U
2023-11-22,08:46:08,2023-11-22,WPG,connor hellebuyck,U
2023-11-22,08:46:08,2023-11-22,TBL,jonas johansson,U
2023-11-22,08:46:08,2023-11-22,NYR,igor shesterkin,U
2023-11-22,08:46:08,2023-11-22,PIT,tristan jarry,U
2023-11-22,08:46:08,2023-11-22,EDM,stuart skinner,U
2023-11-22,08:46:08,2023-11-22,CAR,antti raanta,U
2023-11-22,08:46:08,2023-11-22,NJD,vitek vanecek,U
2023-11-22,08:46:08,2023-11-22,DET,alex lyon,C
2023-11-22,08:46:08,2023-11-22,PHI,carter hart,U
2023-11-22,08:46:08,2023-11-22,NYI,ilya sorokin,U
2023-11-22,08:46:08,2023-11-22,CGY,jacob markstrom,U
2023-11-22,08:46:08,2023-11-22,NSH,juuse saros,U
2023-11-22,08:46:08,2023-11-22,STL,jordan binnington,U
2023-11-22,08:46:08,2023-11-22,ARI,karel vejmelka,U
2023-11-22,08:46:08,2023-11-22,VGK,logan thompson,U
2023-11-22,08:46:08,2023-11-22,DAL,jake oettinger,U
2023-11-22,08:46:08,2023-11-22,MTL,jake allen,U
2023-11-22,08:46:08,2023-11-22,ANA,john gibson,U
2023-11-22,08:46:08,2023-11-22,VAN,thatcher demko,U
2023-11-22,08:46:08,2023-11-22,COL,alexandar georgiev,U
2023-11-22,08:46:08,2023-11-22,SJS,mackenzie blackwood,U
2023-11-22,08:46:08,2023-11-22,SEA,joey daccord,P
2023-11-24,08:53:08,2023-11-24,NYR,igor shesterkin,U
2023-11-24,08:53:08,2023-11-24,PHI,carter hart,U
2023-11-24,08:53:08,2023-11-24,DET,alex lyon,U
2023-11-24,08:53:08,2023-11-24,BOS,jeremy swayman,U
2023-11-24,08:53:08,2023-11-24,TOR,ilya samsonov,C
2023-11-24,08:53:08,2023-11-24,CHI,arvid soderblom,C
2023-11-24,08:53:08,2023-11-24,EDM,stuart skinner,U
2023-11-24,08:53:08,2023-11-24,WSH,darcy kuemper,U
2023-11-24,08:53:08,2023-11-24,NSH,juuse saros,U
2023-11-24,08:53:08,2023-11-24,STL,joel hofer,U
2023-11-24,08:53:08,2023-11-24,CBJ,elvis merzlikins,U
2023-11-24,08:53:08,2023-11-24,NJD,akira schmid,U
2023-11-24,08:53:08,2023-11-24,MTL,cayden primeau,C
2023-11-24,08:53:08,2023-11-24,SJS,mackenzie blackwood,U
2023-11-24,08:53:08,2023-11-24,LAK,cam talbot,U
2023-11-24,08:53:08,2023-11-24,ANA,john gibson,U
2023-11-24,08:53:08,2023-11-24,PIT,tristan jarry,U
2023-11-24,08:53:08,2023-11-24,BUF,ukko pekka luukkonen,U
2023-11-24,08:53:08,2023-11-24,NYI,ilya sorokin,U
2023-11-24,08:53:08,2023-11-24,OTT,joonas korpisalo,U
2023-11-24,08:53:08,2023-11-24,TBL,andrei vasilevskiy,U
2023-11-24,08:53:08,2023-11-24,CAR,pyotr kochetkov,U
2023-11-24,08:53:08,2023-11-24,WPG,connor hellebuyck,U
2023-11-24,08:53:08,2023-11-24,FLA,sergei bobrovsky,U
2023-11-24,08:53:08,2023-11-24,COL,alexandar georgiev,U
2023-11-24,08:53:08,2023-11-24,MIN,filip gustavsson,U
2023-11-24,08:53:08,2023-11-24,CGY,jacob markstrom,U
2023-11-24,08:53:08,2023-11-24,DAL,jake oettinger,U
2023-11-24,08:53:08,2023-11-24,VAN,thatcher demko,U
2023-11-24,08:53:08,2023-11-24,SEA,joey daccord,U
2023-11-25,10:27:22,2023-11-25,BOS,linus ullmark,U
2023-11-25,10:27:22,2023-11-25,NYR,jonathan quick,C
2023-11-25,10:27:22,2023-11-25,MTL,jake allen,U
2023-11-25,10:27:22,2023-11-25,LAK,pheonix copley,U
2023-11-25,10:27:22,2023-11-25,TOR,joseph woll,C
2023-11-25,10:27:22,2023-11-25,PIT,tristan jarry,U
2023-11-25,10:27:22,2023-11-25,BUF,devon levi,U
2023-11-25,10:27:22,2023-11-25,NJD,vitek vanecek,P
2023-11-25,10:27:22,2023-11-25,PHI,samuel ersson,U
2023-11-25,10:27:22,2023-11-25,NYI,ilya sorokin,U
2023-11-25,10:27:22,2023-11-25,ARI,connor ingram,C
2023-11-25,10:27:22,2023-11-25,VGK,adin hill,U
2023-11-25,10:27:22,2023-11-25,VAN,casey desmith,U
2023-11-25,10:27:22,2023-11-25,SJS,kaapo kahkonen,U
2023-11-25,10:27:22,2023-11-25,CGY,daniel vladar,U
2023-11-25,10:27:22,2023-11-25,COL,ivan prosvetov,U
2023-11-26,06:42:32,2023-11-26,MIN,filip gustavsson,C
2023-11-26,06:42:32,2023-11-26,DET,alex lyon,C
2023-11-26,06:42:32,2023-11-26,STL,jordan binnington,U
2023-11-26,06:42:32,2023-11-26,CHI,petr mrazek,U
2023-11-26,06:42:32,2023-11-26,CBJ,elvis merzlikins,U
2023-11-26,06:42:32,2023-11-26,CAR,pyotr kochetkov,U
2023-11-26,06:42:32,2023-11-26,WPG,connor hellebuyck,U
2023-11-26,06:42:32,2023-11-26,NSH,juuse saros,U
2023-11-26,06:42:32,2023-11-26,ANA,john gibson,U
2023-11-26,06:42:32,2023-11-26,EDM,stuart skinner,U
