date,game_id,team,location,G,OT_flag,win_flag
2021-01-13,210113_COLSTL,COL,H,1,,0
2021-01-13,210113_EDMVAN,EDM,H,3,,0
2021-01-13,210113_PHIPIT,PHI,H,6,,1
2021-01-13,210113_TBLCHI,TBL,H,5,,1
2021-01-13,210113_TORMTL,TOR,H,5,OT,1
2021-01-14,210114_ARISJS,ARI,H,3,SO,0
2021-01-14,210114_BUFWSH,BUF,H,4,,0
2021-01-14,210114_DETCAR,DET,H,0,,0
2021-01-14,210114_EDMVAN,EDM,H,5,,1
2021-01-14,210114_LAKMIN,LAK,H,3,OT,0
2021-01-14,210114_NJDBOS,NJD,H,2,SO,0
2021-01-14,210114_NSHCBJ,NSH,H,3,,1
2021-01-14,210114_NYRNYI,NYR,H,0,,0
2021-01-14,210114_VGKANA,VGK,H,5,,1
2021-01-14,210114_WPGCGY,WPG,H,4,OT,1
2021-01-15,210115_BUFWSH,BUF,H,1,,0
2021-01-15,210115_COLSTL,COL,H,8,,1
2021-01-15,210115_OTTTOR,OTT,H,5,,1
2021-01-15,210115_PHIPIT,PHI,H,5,,1
2021-01-15,210115_TBLCHI,TBL,H,5,,1
2021-01-16,210116_ARISJS,ARI,H,5,,1
2021-01-16,210116_CGYVAN,CGY,H,3,,1
2021-01-16,210116_DETCAR,DET,H,4,,1
2021-01-16,210116_EDMMTL,EDM,H,1,,0
2021-01-16,210116_LAKMIN,LAK,H,3,OT,0
2021-01-16,210116_NJDBOS,NJD,H,2,OT,1
2021-01-16,210116_NSHCBJ,NSH,H,5,,1
2021-01-16,210116_NYRNYI,NYR,H,5,,1
2021-01-16,210116_OTTTOR,OTT,H,2,,0
2021-01-16,210116_VGKANA,VGK,H,2,OT,1
2021-01-17,210117_FLACHI,FLA,H,5,,1
2021-01-17,210117_PITWSH,PIT,H,4,SO,1
2021-01-18,210118_ANAMIN,ANA,H,1,,1
2021-01-18,210118_CGYVAN,CGY,H,5,,1
2021-01-18,210118_DETCBJ,DET,H,2,,0
2021-01-18,210118_EDMMTL,EDM,H,1,,0
2021-01-18,210118_NSHCAR,NSH,H,2,,0
2021-01-18,210118_NYIBOS,NYI,H,1,,1
2021-01-18,210118_PHIBUF,PHI,H,1,,0
2021-01-18,210118_STLSJS,STL,H,5,,1
2021-01-18,210118_TORWPG,TOR,H,3,,1
2021-01-18,210118_VGKARI,VGK,H,4,,1
2021-01-19,210119_DETCBJ,DET,H,3,OT,1
2021-01-19,210119_FLACHI,FLA,H,5,OT,1
2021-01-19,210119_LAKCOL,LAK,H,2,,0
2021-01-19,210119_NYRNJD,NYR,H,3,,0
2021-01-19,210119_OTTWPG,OTT,H,3,OT,0
2021-01-19,210119_PHIBUF,PHI,H,3,,1
2021-01-19,210119_PITWSH,PIT,H,5,OT,1
2021-01-20,210120_ANAMIN,ANA,H,2,,0
2021-01-20,210120_STLSJS,STL,H,1,SO,0
2021-01-20,210120_TOREDM,TOR,H,1,,0
2021-01-20,210120_VANMTL,VAN,H,6,SO,1
2021-01-20,210120_VGKARI,VGK,H,5,,1
2021-01-21,210121_BOSPHI,BOS,H,5,SO,1
2021-01-21,210121_CBJTBL,CBJ,H,2,OT,0
2021-01-21,210121_LAKCOL,LAK,H,4,,1
2021-01-21,210121_NYINJD,NYI,H,4,,1
2021-01-21,210121_OTTWPG,OTT,H,1,,0
2021-01-21,210121_VANMTL,VAN,H,3,,0
2021-01-22,210122_ANACOL,ANA,H,2,OT,0
2021-01-22,210122_ARIVGK,ARI,H,5,,1
2021-01-22,210122_CHIDET,CHI,H,4,,1
2021-01-22,210122_DALNSH,DAL,H,7,,1
2021-01-22,210122_MINSJS,MIN,H,4,,1
2021-01-22,210122_PITNYR,PIT,H,4,SO,1
2021-01-22,210122_TOREDM,TOR,H,4,,1
2021-01-22,210122_WSHBUF,WSH,H,4,SO,1
2021-01-23,210123_BOSPHI,BOS,H,6,,1
2021-01-23,210123_CBJTBL,CBJ,H,5,,1
2021-01-23,210123_STLLAK,STL,H,4,,1
2021-01-23,210123_VANMTL,VAN,H,2,,0
2021-01-23,210123_WPGOTT,WPG,H,6,,1
2021-01-24,210124_ANACOL,ANA,H,3,,1
2021-01-24,210124_ARIVGK,ARI,H,0,,0
2021-01-24,210124_CGYTOR,CGY,H,2,,0
2021-01-24,210124_CHIDET,CHI,H,6,,1
2021-01-24,210124_DALNSH,DAL,H,3,,1
2021-01-24,210124_MINSJS,MIN,H,3,,0
2021-01-24,210124_NJDNYI,NJD,H,2,,1
2021-01-24,210124_PITNYR,PIT,H,3,,1
2021-01-24,210124_STLLAK,STL,H,3,,0
2021-01-24,210124_WPGEDM,WPG,H,3,,0
2021-01-24,210124_WSHBUF,WSH,H,3,SO,0
2021-01-25,210125_VANOTT,VAN,H,7,,1
2021-01-26,210126_ARIANA,ARI,H,0,,0
2021-01-26,210126_BOSPIT,BOS,H,3,OT,1
2021-01-26,210126_BUFNYR,BUF,H,3,,1
2021-01-26,210126_CBJFLA,CBJ,H,3,SO,0
2021-01-26,210126_CGYTOR,CGY,H,3,,0
2021-01-26,210126_COLSJS,COL,H,7,,1
2021-01-26,210126_DALDET,DAL,H,2,OT,1
2021-01-26,210126_MINLAK,MIN,H,1,,0
2021-01-26,210126_NJDPHI,NJD,H,3,,0
2021-01-26,210126_NSHCHI,NSH,H,3,OT,1
2021-01-26,210126_VGKSTL,VGK,H,4,SO,0
2021-01-26,210126_WPGEDM,WPG,H,6,,1
2021-01-26,210126_WSHNYI,WSH,H,3,,1
2021-01-27,210127_NSHCHI,NSH,H,2,SO,1
2021-01-27,210127_VANOTT,VAN,H,5,,1
2021-01-28,210128_ARIANA,ARI,H,3,,1
2021-01-28,210128_BOSPIT,BOS,H,4,,1
2021-01-28,210128_BUFNYR,BUF,H,2,OT,0
2021-01-28,210128_CARTBL,CAR,H,1,OT,1
2021-01-28,210128_CBJFLA,CBJ,H,3,SO,1
2021-01-28,210128_COLSJS,COL,H,3,,1
2021-01-28,210128_DALDET,DAL,H,7,,1
2021-01-28,210128_EDMTOR,EDM,H,3,,0
2021-01-28,210128_MINLAK,MIN,H,5,,1
2021-01-28,210128_MTLCGY,MTL,H,4,,1
2021-01-28,210128_NJDPHI,NJD,H,1,,0
2021-01-28,210128_VANOTT,VAN,H,4,,1
2021-01-28,210128_WSHNYI,WSH,H,6,,1
2021-01-29,210129_CHICBJ,CHI,H,1,,0
2021-01-30,210130_ANASTL,ANA,H,1,,0
2021-01-30,210130_BUFNJD,BUF,H,4,SO,1
2021-01-30,210130_CARDAL,CAR,H,4,,1
2021-01-30,210130_DETFLA,DET,H,2,OT,0
2021-01-30,210130_EDMTOR,EDM,H,4,OT,1
2021-01-30,210130_MINCOL,MIN,H,1,,0
2021-01-30,210130_MTLCGY,MTL,H,0,,0
2021-01-30,210130_NYRPIT,NYR,H,4,OT,0
2021-01-30,210130_PHINYI,PHI,H,3,OT,1
2021-01-30,210130_TBLNSH,TBL,H,4,,1
2021-01-30,210130_WPGVAN,WPG,H,1,,0
2021-01-30,210130_WSHBOS,WSH,H,4,OT,1
2021-01-31,210131_ANASTL,ANA,H,1,,0
2021-01-31,210131_BUFNJD,BUF,H,3,,0
2021-01-31,210131_CARDAL,CAR,H,4,SO,1
2021-01-31,210131_CHICBJ,CHI,H,3,,1
2021-01-31,210131_DETFLA,DET,H,2,,0
2021-01-31,210131_EDMOTT,EDM,H,8,,1
2021-01-31,210131_MINCOL,MIN,H,4,OT,1
2021-01-31,210131_PHINYI,PHI,H,4,OT,1
2021-02-01,210201_MTLVAN,MTL,H,6,,1
2021-02-01,210201_NYRPIT,NYR,H,3,,1
2021-02-01,210201_TBLNSH,TBL,H,5,,1
2021-02-01,210201_WPGCGY,WPG,H,3,SO,0
2021-02-01,210201_WSHBOS,WSH,H,3,,0
2021-02-02,210202_CBJDAL,CBJ,H,3,,0
2021-02-02,210202_CHICAR,CHI,H,3,SO,0
2021-02-02,210202_COLMIN,COL,H,2,,1
2021-02-02,210202_EDMOTT,EDM,H,4,,1
2021-02-02,210202_LAKANA,LAK,H,1,,0
2021-02-02,210202_MTLVAN,MTL,H,5,,1
2021-02-02,210202_STLARI,STL,H,4,,1
2021-02-02,210202_WPGCGY,WPG,H,3,,1
2021-02-03,210203_PHIBOS,PHI,H,3,OT,0
2021-02-03,210203_TBLDET,TBL,H,5,,1
2021-02-04,210204_CBJDAL,CBJ,H,4,,1
2021-02-04,210204_CHICAR,CHI,H,6,,1
2021-02-04,210204_FLANSH,FLA,H,5,OT,0
2021-02-04,210204_MTLOTT,MTL,H,2,,0
2021-02-04,210204_NYRWSH,NYR,H,4,,1
2021-02-04,210204_STLARI,STL,H,3,,0
2021-02-04,210204_TORVAN,TOR,H,7,,1
2021-02-04,210204_WPGCGY,WPG,H,4,,1
2021-02-05,210205_ANASJS,ANA,H,4,SO,0
2021-02-05,210205_FLANSH,FLA,H,2,,1
2021-02-05,210205_PHIBOS,PHI,H,1,,0
2021-02-05,210205_TBLDET,TBL,H,3,,1
2021-02-05,210205_VGKLAK,VGK,H,5,,1
2021-02-06,210206_ANASJS,ANA,H,2,SO,1
2021-02-06,210206_CGYEDM,CGY,H,6,,1
2021-02-06,210206_NYIPIT,NYI,H,4,,1
2021-02-06,210206_OTTMTL,OTT,H,1,,0
2021-02-06,210206_STLARI,STL,H,1,,0
2021-02-06,210206_TORVAN,TOR,H,5,,1
2021-02-07,210207_CBJCAR,CBJ,H,5,,0
2021-02-07,210207_DALCHI,DAL,H,1,OT,0
2021-02-07,210207_FLADET,FLA,H,1,,0
2021-02-07,210207_VGKLAK,VGK,H,4,,1
2021-02-07,210207_WSHPHI,WSH,H,4,,0
2021-02-08,210208_CBJCAR,CBJ,H,3,,1
2021-02-08,210208_NSHTBL,NSH,H,1,,0
2021-02-08,210208_NYRNYI,NYR,H,0,,0
2021-02-08,210208_OTTEDM,OTT,H,1,,0
2021-02-08,210208_STLARI,STL,H,3,SO,0
2021-02-08,210208_TORVAN,TOR,H,3,,1
2021-02-09,210209_CGYWPG,CGY,H,3,,1
2021-02-09,210209_DALCHI,DAL,H,1,OT,0
2021-02-09,210209_FLADET,FLA,H,2,,1
2021-02-09,210209_LAKSJS,LAK,H,3,SO,0
2021-02-09,210209_NSHTBL,NSH,H,1,,0
2021-02-09,210209_OTTEDM,OTT,H,2,,0
2021-02-09,210209_VGKANA,VGK,H,5,,1
2021-02-10,210210_MTLTOR,MTL,H,2,,0
2021-02-10,210210_NYRBOS,NYR,H,2,OT,0
2021-02-11,210211_CHICBJ,CHI,H,5,,0
2021-02-11,210211_DALCAR,DAL,H,3,,0
2021-02-11,210211_FLATBL,FLA,H,5,,1
2021-02-11,210211_LAKSJS,LAK,H,6,,1
2021-02-11,210211_MTLEDM,MTL,H,0,,0
2021-02-11,210211_NSHDET,NSH,H,3,,1
2021-02-11,210211_NYIPIT,NYI,H,3,SO,0
2021-02-11,210211_VANCGY,VAN,H,1,,0
2021-02-11,210211_VGKANA,VGK,H,0,,0
2021-02-11,210211_WPGOTT,WPG,H,5,,1
2021-02-12,210212_ARISTL,ARI,H,1,,0
2021-02-12,210212_NYRBOS,NYR,H,0,,0
2021-02-13,210213_ARISTL,ARI,H,4,OT,0
2021-02-13,210213_CHICBJ,CHI,H,3,OT,1
2021-02-13,210213_DALCAR,DAL,H,3,SO,0
2021-02-13,210213_FLATBL,FLA,H,1,,0
2021-02-13,210213_NSHDET,NSH,H,2,,0
2021-02-13,210213_NYIBOS,NYI,H,4,,1
2021-02-13,210213_SJSVGK,SJS,H,1,,0
2021-02-13,210213_TORMTL,TOR,H,1,,0
2021-02-13,210213_VANCGY,VAN,H,3,,1
2021-02-13,210213_WPGOTT,WPG,H,1,,0
2021-02-14,210214_PITWSH,PIT,H,6,,1
2021-02-14,210214_VGKCOL,VGK,H,1,,1
2021-02-15,210215_ARISTL,ARI,H,1,,1
2021-02-15,210215_BUFNYI,BUF,H,1,,0
2021-02-15,210215_CARCBJ,CAR,H,7,,1
2021-02-15,210215_DETCHI,DET,H,2,OT,0
2021-02-15,210215_EDMWPG,EDM,H,5,,0
2021-02-15,210215_SJSANA,SJS,H,3,,1
2021-02-15,210215_TBLFLA,TBL,H,4,,0
2021-02-15,210215_TOROTT,TOR,H,5,OT,0
2021-02-15,210215_VANCGY,VAN,H,3,OT,0
2021-02-16,210216_BUFNYI,BUF,H,0,,0
2021-02-16,210216_LAKMIN,LAK,H,4,,1
2021-02-16,210216_NYRNJD,NYR,H,2,,0
2021-02-16,210216_PITWSH,PIT,H,1,,0
2021-02-16,210216_VGKCOL,VGK,H,2,,0
2021-02-17,210217_CARFLA,CAR,H,3,OT,0
2021-02-17,210217_CGYVAN,CGY,H,1,,0
2021-02-17,210217_DETCHI,DET,H,0,,0
2021-02-17,210217_EDMWPG,EDM,H,3,,1
2021-02-17,210217_TOROTT,TOR,H,2,,1
2021-02-18,210218_ANAMIN,ANA,H,1,,0
2021-02-18,210218_ARILAK,ARI,H,2,SO,0
2021-02-18,210218_BOSNJD,BOS,H,2,,0
2021-02-18,210218_CBJNSH,CBJ,H,3,,1
2021-02-18,210218_PHINYR,PHI,H,2,SO,0
2021-02-18,210218_PITNYI,PIT,H,4,,1
2021-02-18,210218_STLSJS,STL,H,3,OT,1
2021-02-18,210218_TOROTT,TOR,H,7,,1
2021-02-18,210218_WSHBUF,WSH,H,3,,1
2021-02-19,210219_CARCHI,CAR,H,5,,1
2021-02-19,210219_CGYEDM,CGY,H,1,,0
2021-02-19,210219_DETFLA,DET,H,2,,0
2021-02-19,210219_VANWPG,VAN,H,0,,0
2021-02-20,210220_ANAMIN,ANA,H,1,,0
2021-02-20,210220_ARILAK,ARI,H,2,,0
2021-02-20,210220_CARTBL,CAR,H,4,,1
2021-02-20,210220_CBJNSH,CBJ,H,2,,0
2021-02-20,210220_COLVGK,COL,H,3,,1
2021-02-20,210220_DETFLA,DET,H,2,,1
2021-02-20,210220_EDMCGY,EDM,H,7,,1
2021-02-20,210220_MTLTOR,MTL,H,3,,0
2021-02-20,210220_NJDBUF,NJD,H,2,,0
2021-02-20,210220_PITNYI,PIT,H,3,,1
2021-02-20,210220_STLSJS,STL,H,4,,0
2021-02-20,210220_WSHNYR,WSH,H,1,,0
2021-02-21,210221_BOSPHI,BOS,H,7,,1
2021-02-21,210221_OTTMTL,OTT,H,3,OT,1
2021-02-21,210221_VANWPG,VAN,H,3,OT,0
2021-02-21,210221_WSHNJD,WSH,H,4,,1
2021-02-22,210222_ARIANA,ARI,H,4,,1
2021-02-22,210222_CARTBL,CAR,H,2,,0
2021-02-22,210222_COLVGK,COL,H,0,,0
2021-02-22,210222_FLADAL,FLA,H,3,,1
2021-02-22,210222_NYIBUF,NYI,H,3,,1
2021-02-22,210222_SJSMIN,SJS,H,2,,0
2021-02-22,210222_STLLAK,STL,H,0,,0
2021-02-22,210222_TORCGY,TOR,H,0,,0
2021-02-23,210223_CBJCHI,CBJ,H,5,SO,0
2021-02-23,210223_DETNSH,DET,H,0,,0
2021-02-23,210223_NJDBUF,NJD,H,1,,0
2021-02-23,210223_OTTMTL,OTT,H,5,SO,1
2021-02-23,210223_VANEDM,VAN,H,3,,0
2021-02-23,210223_WSHPIT,WSH,H,2,OT,0
2021-02-24,210224_ARIANA,ARI,H,4,SO,1
2021-02-24,210224_COLMIN,COL,H,2,,0
2021-02-24,210224_FLADAL,FLA,H,0,,0
2021-02-24,210224_PHINYR,PHI,H,4,,1
2021-02-24,210224_STLLAK,STL,H,1,,0
2021-02-24,210224_TBLCAR,TBL,H,3,,1
2021-02-24,210224_TORCGY,TOR,H,2,OT,1
2021-02-25,210225_BUFNJD,BUF,H,3,OT,0
2021-02-25,210225_CBJCHI,CBJ,H,0,,0
2021-02-25,210225_DETNSH,DET,H,5,,1
2021-02-25,210225_FLADAL,FLA,H,3,,1
2021-02-25,210225_NYIBOS,NYI,H,7,,1
2021-02-25,210225_OTTCGY,OTT,H,6,,1
2021-02-25,210225_TBLCAR,TBL,H,3,,1
2021-02-25,210225_VANEDM,VAN,H,0,,0
2021-02-25,210225_WPGMTL,WPG,H,6,,1
2021-02-25,210225_WSHPIT,WSH,H,5,,1
2021-02-26,210226_ARICOL,ARI,H,2,,0
2021-02-26,210226_MINLAK,MIN,H,3,,1
2021-02-26,210226_NYRBOS,NYR,H,6,,1
2021-02-27,210227_ANAVGK,ANA,H,2,OT,0
2021-02-27,210227_ARICOL,ARI,H,2,,0
2021-02-27,210227_BUFPHI,BUF,H,0,,0
2021-02-27,210227_CHIDET,CHI,H,3,,0
2021-02-27,210227_EDMTOR,EDM,H,0,,0
2021-02-27,210227_FLACAR,FLA,H,3,SO,0
2021-02-27,210227_MINLAK,MIN,H,4,OT,1
2021-02-27,210227_NJDWSH,NJD,H,2,,0
2021-02-27,210227_NSHCBJ,NSH,H,2,,1
2021-02-27,210227_NYIPIT,NYI,H,3,OT,0
2021-02-27,210227_OTTCGY,OTT,H,3,,0
2021-02-27,210227_SJSSTL,SJS,H,6,,0
2021-02-27,210227_TBLDAL,TBL,H,5,,1
2021-02-27,210227_WPGMTL,WPG,H,2,OT,1
2021-02-28,210228_BUFPHI,BUF,H,0,,0
2021-02-28,210228_CHIDET,CHI,H,7,,1
2021-02-28,210228_NJDWSH,NJD,H,2,,0
2021-02-28,210228_NSHCBJ,NSH,H,3,,1
2021-02-28,210228_NYIPIT,NYI,H,2,,1
2021-02-28,210228_NYRBOS,NYR,H,1,,0
2021-03-01,210301_ANASTL,ANA,H,4,,0
2021-03-01,210301_EDMTOR,EDM,H,0,,0
2021-03-01,210301_FLACAR,FLA,H,2,OT,0
2021-03-01,210301_OTTCGY,OTT,H,5,,1
2021-03-01,210301_SJSCOL,SJS,H,6,,1
2021-03-01,210301_VGKMIN,VGK,H,5,OT,1
2021-03-01,210301_WPGVAN,WPG,H,0,,0
2021-03-02,210302_CBJDET,CBJ,H,4,,1
2021-03-02,210302_DALTBL,DAL,H,0,,0
2021-03-02,210302_MTLOTT,MTL,H,3,,1
2021-03-02,210302_NJDNYI,NJD,H,1,,0
2021-03-02,210302_NSHCAR,NSH,H,2,,0
2021-03-02,210302_NYRBUF,NYR,H,3,,1
2021-03-02,210302_PITPHI,PIT,H,5,,1
2021-03-02,210302_WPGVAN,WPG,H,5,,1
2021-03-03,210303_ANASTL,ANA,H,2,,0
2021-03-03,210303_BOSWSH,BOS,H,1,SO,0
2021-03-03,210303_EDMTOR,EDM,H,1,,0
2021-03-03,210303_LAKARI,LAK,H,2,,0
2021-03-03,210303_SJSCOL,SJS,H,0,,0
2021-03-03,210303_VGKMIN,VGK,H,5,,1
2021-03-04,210304_CARDET,CAR,H,5,,1
2021-03-04,210304_CGYOTT,CGY,H,7,,1
2021-03-04,210304_CHITBL,CHI,H,2,OT,0
2021-03-04,210304_DALCBJ,DAL,H,2,,0
2021-03-04,210304_MTLWPG,MTL,H,3,OT,0
2021-03-04,210304_NJDNYR,NJD,H,1,,0
2021-03-04,210304_NSHFLA,NSH,H,4,,0
2021-03-04,210304_NYIBUF,NYI,H,5,,1
2021-03-04,210304_PITPHI,PIT,H,3,,0
2021-03-04,210304_VANTOR,VAN,H,3,,1
2021-03-05,210305_ARIMIN,ARI,H,1,,0
2021-03-05,210305_BOSWSH,BOS,H,5,,1
2021-03-05,210305_CHITBL,CHI,H,4,SO,1
2021-03-05,210305_COLANA,COL,H,3,OT,1
2021-03-05,210305_LAKSTL,LAK,H,2,OT,0
2021-03-05,210305_SJSVGK,SJS,H,4,OT,0
2021-03-06,210306_ARIMIN,ARI,H,5,,1
2021-03-06,210306_COLANA,COL,H,4,OT,0
2021-03-06,210306_DALCBJ,DAL,H,5,,1
2021-03-06,210306_EDMCGY,EDM,H,3,,1
2021-03-06,210306_LAKSTL,LAK,H,4,OT,1
2021-03-06,210306_MTLWPG,MTL,H,7,,1
2021-03-06,210306_NJDNYR,NJD,H,3,,0
2021-03-06,210306_NSHFLA,NSH,H,2,,0
2021-03-06,210306_NYIBUF,NYI,H,5,,1
2021-03-06,210306_PITPHI,PIT,H,4,,1
2021-03-06,210306_SJSVGK,SJS,H,0,,0
2021-03-06,210306_VANTOR,VAN,H,4,,1
2021-03-07,210307_BOSNJD,BOS,H,0,,0
2021-03-07,210307_CARFLA,CAR,H,4,,1
2021-03-07,210307_CGYOTT,CGY,H,3,SO,0
2021-03-07,210307_CHITBL,CHI,H,3,,0
2021-03-07,210307_DALNSH,DAL,H,3,SO,0
2021-03-07,210307_NYIBUF,NYI,H,5,,1
2021-03-07,210307_PHIWSH,PHI,H,1,,0
2021-03-07,210307_PITNYR,PIT,H,5,,1
2021-03-08,210308_ANALAK,ANA,H,6,OT,1
2021-03-08,210308_COLARI,COL,H,2,,0
2021-03-08,210308_EDMOTT,EDM,H,3,,1
2021-03-08,210308_MINVGK,MIN,H,2,,1
2021-03-08,210308_SJSSTL,SJS,H,3,OT,1
2021-03-08,210308_VANMTL,VAN,H,2,SO,1
2021-03-09,210309_CARNSH,CAR,H,3,OT,1
2021-03-09,210309_CBJFLA,CBJ,H,2,,0
2021-03-09,210309_DALCHI,DAL,H,6,,1
2021-03-09,210309_DETTBL,DET,H,3,OT,0
2021-03-09,210309_NYIBOS,NYI,H,2,SO,1
2021-03-09,210309_PHIBUF,PHI,H,5,SO,1
2021-03-09,210309_PITNYR,PIT,H,4,,1
2021-03-09,210309_TORWPG,TOR,H,3,,0
2021-03-09,210309_WSHNJD,WSH,H,5,OT,1
2021-03-10,210310_ANALAK,ANA,H,1,,0
2021-03-10,210310_COLARI,COL,H,2,OT,1
2021-03-10,210310_EDMOTT,EDM,H,7,,1
2021-03-10,210310_MINVGK,MIN,H,4,,1
2021-03-10,210310_VANMTL,VAN,H,1,,0
2021-03-11,210311_BOSNYR,BOS,H,4,,1
2021-03-11,210311_BUFPIT,BUF,H,2,,0
2021-03-11,210311_CARNSH,CAR,H,5,,1
2021-03-11,210311_CBJFLA,CBJ,H,4,OT,0
2021-03-11,210311_CGYMTL,CGY,H,2,,1
2021-03-11,210311_DALCHI,DAL,H,2,,0
2021-03-11,210311_DETTBL,DET,H,6,,1
2021-03-11,210311_NYINJD,NYI,H,5,,1
2021-03-11,210311_PHIWSH,PHI,H,3,,0
2021-03-11,210311_TORWPG,TOR,H,4,OT,1
2021-03-12,210312_ANASJS,ANA,H,0,,0
2021-03-12,210312_COLLAK,COL,H,2,,1
2021-03-12,210312_EDMOTT,EDM,H,6,,1
2021-03-12,210312_MINARI,MIN,H,4,,1
2021-03-12,210312_STLVGK,STL,H,4,OT,0
2021-03-13,210313_ANASJS,ANA,H,1,,0
2021-03-13,210313_BOSNYR,BOS,H,0,,0
2021-03-13,210313_BUFPIT,BUF,H,0,,0
2021-03-13,210313_CBJDAL,CBJ,H,4,OT,1
2021-03-13,210313_CGYMTL,CGY,H,3,,1
2021-03-13,210313_FLACHI,FLA,H,4,,1
2021-03-13,210313_NJDNYI,NJD,H,2,,0
2021-03-13,210313_PHIWSH,PHI,H,4,,0
2021-03-13,210313_STLVGK,STL,H,1,,0
2021-03-13,210313_TBLNSH,TBL,H,6,,1
2021-03-13,210313_TORWPG,TOR,H,2,,0
2021-03-13,210313_VANEDM,VAN,H,2,,1
2021-03-14,210314_CBJDAL,CBJ,H,1,SO,0
2021-03-14,210314_COLLAK,COL,H,4,,1
2021-03-14,210314_DETCAR,DET,H,1,,0
2021-03-14,210314_MINARI,MIN,H,4,,1
2021-03-14,210314_NJDNYI,NJD,H,2,SO,0
2021-03-14,210314_OTTTOR,OTT,H,4,,1
2021-03-15,210315_BUFWSH,BUF,H,0,,0
2021-03-15,210315_CGYEDM,CGY,H,4,,1
2021-03-15,210315_FLACHI,FLA,H,6,,1
2021-03-15,210315_NYRPHI,NYR,H,4,OT,0
2021-03-15,210315_OTTVAN,OTT,H,2,OT,0
2021-03-15,210315_PITBOS,PIT,H,4,,1
2021-03-15,210315_TBLNSH,TBL,H,1,,0
2021-03-15,210315_VGKSJS,VGK,H,2,,1
2021-03-15,210315_WPGMTL,WPG,H,2,,0
2021-03-16,210316_COLANA,COL,H,8,,1
2021-03-16,210316_DALTBL,DAL,H,3,SO,0
2021-03-16,210316_DETCAR,DET,H,4,,1
2021-03-16,210316_MINARI,MIN,H,3,,1
2021-03-16,210316_NJDBUF,NJD,H,3,,1
2021-03-16,210316_PITBOS,PIT,H,1,,0
2021-03-16,210316_WSHNYI,WSH,H,3,,1
2021-03-17,210317_CGYEDM,CGY,H,3,,0
2021-03-17,210317_LAKSTL,LAK,H,4,,1
2021-03-17,210317_NYRPHI,NYR,H,9,,1
2021-03-17,210317_OTTVAN,OTT,H,2,SO,0
2021-03-17,210317_VGKSJS,VGK,H,5,,1
2021-03-17,210317_WPGMTL,WPG,H,4,OT,1
2021-03-18,210318_ANAARI,ANA,H,3,OT,1
2021-03-18,210318_BUFBOS,BUF,H,1,,0
2021-03-18,210318_CARCBJ,CAR,H,2,OT,0
2021-03-18,210318_COLMIN,COL,H,5,,1
2021-03-18,210318_DETDAL,DET,H,3,,1
2021-03-18,210318_EDMWPG,EDM,H,2,,1
2021-03-18,210318_FLANSH,FLA,H,1,,0
2021-03-18,210318_NJDPIT,NJD,H,3,,1
2021-03-18,210318_NYIPHI,NYI,H,3,,0
2021-03-18,210318_TBLCHI,TBL,H,4,,1
2021-03-19,210319_LAKVGK,LAK,H,2,,0
2021-03-19,210319_MTLVAN,MTL,H,2,OT,0
2021-03-19,210319_SJSSTL,SJS,H,1,SO,0
2021-03-19,210319_TORCGY,TOR,H,3,,0
2021-03-19,210319_WSHNYR,WSH,H,2,,1
2021-03-20,210320_ANAARI,ANA,H,1,,0
2021-03-20,210320_CARCBJ,CAR,H,2,SO,0
2021-03-20,210320_COLMIN,COL,H,6,,1
2021-03-20,210320_DETDAL,DET,H,0,,0
2021-03-20,210320_EDMWPG,EDM,H,4,,1
2021-03-20,210320_FLANSH,FLA,H,2,,1
2021-03-20,210320_MTLVAN,MTL,H,5,SO,1
2021-03-20,210320_NJDPIT,NJD,H,1,,0
2021-03-20,210320_NYIPHI,NYI,H,6,,1
2021-03-20,210320_SJSSTL,SJS,H,2,,0
2021-03-20,210320_TBLCHI,TBL,H,4,,1
2021-03-20,210320_TORCGY,TOR,H,2,,1
2021-03-20,210320_WSHNYR,WSH,H,1,,0
2021-03-21,210321_DALNSH,DAL,H,3,SO,0
2021-03-21,210321_LAKVGK,LAK,H,3,,1
2021-03-21,210321_PITNJD,PIT,H,1,OT,0
2021-03-21,210321_TBLFLA,TBL,H,5,,1
2021-03-22,210322_ARICOL,ARI,H,1,,0
2021-03-22,210322_CBJCAR,CBJ,H,0,,0
2021-03-22,210322_MINANA,MIN,H,2,,1
2021-03-22,210322_NYRBUF,NYR,H,5,,1
2021-03-22,210322_OTTCGY,OTT,H,2,,1
2021-03-22,210322_PHINYI,PHI,H,1,OT,0
2021-03-22,210322_SJSLAK,SJS,H,2,,1
2021-03-22,210322_VANWPG,VAN,H,0,,0
2021-03-22,210322_VGKSTL,VGK,H,5,,1
2021-03-23,210323_ARICOL,ARI,H,5,SO,1
2021-03-23,210323_CHIFLA,CHI,H,3,,1
2021-03-23,210323_DALTBL,DAL,H,1,,0
2021-03-23,210323_NSHDET,NSH,H,2,,1
2021-03-23,210323_PHINJD,PHI,H,3,,0
2021-03-24,210324_MINANA,MIN,H,3,,1
2021-03-24,210324_OTTCGY,OTT,H,3,,1
2021-03-24,210324_PITBUF,PIT,H,5,,1
2021-03-24,210324_SJSLAK,SJS,H,4,,1
2021-03-24,210324_VANWPG,VAN,H,1,,0
2021-03-25,210325_BOSNYI,BOS,H,3,OT,0
2021-03-25,210325_CBJCAR,CBJ,H,3,OT,0
2021-03-25,210325_CHIFLA,CHI,H,3,,1
2021-03-25,210325_COLVGK,COL,H,5,,1
2021-03-25,210325_DALTBL,DAL,H,4,,1
2021-03-25,210325_MINSTL,MIN,H,2,,1
2021-03-25,210325_NSHDET,NSH,H,7,,1
2021-03-25,210325_OTTTOR,OTT,H,2,OT,0
2021-03-25,210325_PHINYR,PHI,H,3,,0
2021-03-25,210325_PITBUF,PIT,H,4,,1
2021-03-25,210325_WSHNJD,WSH,H,4,,1
2021-03-26,210326_ARISJS,ARI,H,5,,1
2021-03-26,210326_CGYWPG,CGY,H,2,,0
2021-03-26,210326_STLANA,STL,H,1,,0
2021-03-26,210326_WSHNJD,WSH,H,4,,1
2021-03-27,210327_ARISJS,ARI,H,4,,1
2021-03-27,210327_BOSBUF,BOS,H,3,,1
2021-03-27,210327_CARTBL,CAR,H,4,,1
2021-03-27,210327_CGYWPG,CGY,H,4,,1
2021-03-27,210327_CHINSH,CHI,H,1,,0
2021-03-27,210327_COLVGK,COL,H,2,OT,0
2021-03-27,210327_DALFLA,DAL,H,3,OT,0
2021-03-27,210327_DETCBJ,DET,H,3,,1
2021-03-27,210327_PHINYR,PHI,H,2,,1
2021-03-27,210327_PITNYI,PIT,H,6,,1
2021-03-27,210327_TOREDM,TOR,H,4,OT,1
2021-03-28,210328_BOSNJD,BOS,H,0,,0
2021-03-28,210328_CHINSH,CHI,H,2,,0
2021-03-28,210328_DALFLA,DAL,H,1,,0
2021-03-28,210328_DETCBJ,DET,H,4,,1
2021-03-28,210328_STLANA,STL,H,2,OT,0
2021-03-28,210328_WSHNYR,WSH,H,5,,1
2021-03-29,210329_BUFPHI,BUF,H,3,OT,0
2021-03-29,210329_CGYWPG,CGY,H,1,,0
2021-03-29,210329_COLANA,COL,H,5,,1
2021-03-29,210329_PITNYI,PIT,H,2,,1
2021-03-29,210329_SJSMIN,SJS,H,4,SO,1
2021-03-29,210329_TOREDM,TOR,H,2,OT,0
2021-03-29,210329_VGKLAK,VGK,H,4,,1
2021-03-30,210330_BOSNJD,BOS,H,5,SO,1
2021-03-30,210330_CHICAR,CHI,H,2,,1
2021-03-30,210330_FLADET,FLA,H,4,,1
2021-03-30,210330_MTLEDM,MTL,H,4,,1
2021-03-30,210330_NSHDAL,NSH,H,3,OT,1
2021-03-30,210330_NYRWSH,NYR,H,5,,1
2021-03-30,210330_TBLCBJ,TBL,H,1,,0
2021-03-31,210331_BUFPHI,BUF,H,6,,1
2021-03-31,210331_COLARI,COL,H,9,,1
2021-03-31,210331_SJSMIN,SJS,H,4,,1
2021-03-31,210331_VGKLAK,VGK,H,2,,0
2021-03-31,210331_WPGTOR,WPG,H,1,,0
2021-04-01,210401_BOSPIT,BOS,H,1,,0
2021-04-01,210401_BUFNYR,BUF,H,2,OT,0
2021-04-01,210401_CHICAR,CHI,H,3,,0
2021-04-01,210401_FLADET,FLA,H,3,OT,1
2021-04-01,210401_NSHDAL,NSH,H,1,,0
2021-04-01,210401_NYIWSH,NYI,H,8,,1
2021-04-01,210401_OTTMTL,OTT,H,1,,0
2021-04-01,210401_TBLCBJ,TBL,H,3,,1
2021-04-01,210401_VGKMIN,VGK,H,2,SO,0
2021-04-02,210402_ANAARI,ANA,H,2,,0
2021-04-02,210402_COLSTL,COL,H,3,,1
2021-04-02,210402_EDMCGY,EDM,H,3,,1
2021-04-02,210402_LAKSJS,LAK,H,0,,0
2021-04-02,210402_NJDWSH,NJD,H,1,OT,0
2021-04-02,210402_WPGTOR,WPG,H,1,SO,0
2021-04-03,210403_BOSPIT,BOS,H,7,,1
2021-04-03,210403_BUFNYR,BUF,H,3,SO,1
2021-04-03,210403_CARDAL,CAR,H,2,,0
2021-04-03,210403_COLSTL,COL,H,2,,1
2021-04-03,210403_FLACBJ,FLA,H,5,,1
2021-04-03,210403_LAKSJS,LAK,H,2,,0
2021-04-03,210403_MTLOTT,MTL,H,3,,0
2021-04-03,210403_NSHCHI,NSH,H,3,,1
2021-04-03,210403_NYIPHI,NYI,H,3,SO,1
2021-04-03,210403_TBLDET,TBL,H,2,,1
2021-04-03,210403_VGKMIN,VGK,H,1,,0
2021-04-04,210404_ANAARI,ANA,H,2,OT,0
2021-04-04,210404_CARDAL,CAR,H,1,,1
2021-04-04,210404_CGYTOR,CGY,H,2,,0
2021-04-04,210404_FLACBJ,FLA,H,3,,1
2021-04-04,210404_NJDWSH,NJD,H,4,,0
2021-04-04,210404_TBLDET,TBL,H,1,,0
2021-04-05,210405_BOSPHI,BOS,H,2,OT,0
2021-04-05,210405_CGYTOR,CGY,H,3,,0
2021-04-05,210405_LAKARI,LAK,H,2,,0
2021-04-05,210405_MINCOL,MIN,H,4,,0
2021-04-05,210405_MTLEDM,MTL,H,3,OT,1
2021-04-05,210405_STLVGK,STL,H,1,,0
2021-04-05,210405_WPGOTT,WPG,H,4,,1
2021-04-06,210406_CARFLA,CAR,H,5,,1
2021-04-06,210406_CBJTBL,CBJ,H,4,,1
2021-04-06,210406_CHIDAL,CHI,H,4,,1
2021-04-06,210406_DETNSH,DET,H,2,SO,0
2021-04-06,210406_NJDBUF,NJD,H,3,,0
2021-04-06,210406_NYIWSH,NYI,H,1,,1
2021-04-06,210406_NYRPIT,NYR,H,8,,1
2021-04-06,210406_PHIBOS,PHI,H,2,,0
2021-04-06,210406_SJSANA,SJS,H,1,,0
2021-04-07,210407_LAKARI,LAK,H,4,,1
2021-04-07,210407_MINCOL,MIN,H,8,,1
2021-04-07,210407_OTTEDM,OTT,H,2,,0
2021-04-07,210407_STLVGK,STL,H,3,,1
2021-04-07,210407_TORMTL,TOR,H,3,,1
2021-04-08,210408_BUFNJD,BUF,H,3,,0
2021-04-08,210408_CARFLA,CAR,H,3,,1
2021-04-08,210408_CBJTBL,CBJ,H,4,,0
2021-04-08,210408_CHIDAL,CHI,H,1,,0
2021-04-08,210408_DETNSH,DET,H,1,,0
2021-04-08,210408_MTLWPG,MTL,H,2,,0
2021-04-08,210408_NYIPHI,NYI,H,3,SO,1
2021-04-08,210408_NYRPIT,NYR,H,2,,0
2021-04-08,210408_OTTEDM,OTT,H,1,,0
2021-04-08,210408_WSHBOS,WSH,H,2,,0
2021-04-09,210409_ANACOL,ANA,H,0,,0
2021-04-09,210409_BUFWSH,BUF,H,3,,0
2021-04-09,210409_NJDPIT,NJD,H,4,,0
2021-04-09,210409_NYINYR,NYI,H,1,,0
2021-04-09,210409_SJSLAK,SJS,H,5,,1
2021-04-09,210409_STLMIN,STL,H,9,,1
2021-04-09,210409_VGKARI,VGK,H,7,,1
2021-04-10,210410_CARDET,CAR,H,4,SO,0
2021-04-10,210410_CBJCHI,CBJ,H,3,,0
2021-04-10,210410_CGYEDM,CGY,H,5,,1
2021-04-10,210410_DALFLA,DAL,H,4,,1
2021-04-10,210410_MTLWPG,MTL,H,0,,0
2021-04-10,210410_NSHTBL,NSH,H,0,,0
2021-04-10,210410_PHIBOS,PHI,H,3,,1
2021-04-10,210410_SJSLAK,SJS,H,2,,0
2021-04-10,210410_STLMIN,STL,H,3,OT,1
2021-04-10,210410_TOROTT,TOR,H,6,,1
2021-04-11,210411_ANACOL,ANA,H,1,,0
2021-04-11,210411_BOSWSH,BOS,H,1,,0
2021-04-11,210411_NJDPIT,NJD,H,2,,0
2021-04-11,210411_NSHDAL,NSH,H,3,SO,1
2021-04-11,210411_NYINYR,NYI,H,3,OT,1
2021-04-11,210411_PHIBUF,PHI,H,3,,0
2021-04-11,210411_VGKARI,VGK,H,1,,1
2021-04-12,210412_CARDET,CAR,H,1,,0
2021-04-12,210412_CBJCHI,CBJ,H,3,OT,0
2021-04-12,210412_COLARI,COL,H,4,,1
2021-04-12,210412_LAKVGK,LAK,H,2,,0
2021-04-12,210412_MTLTOR,MTL,H,4,,1
2021-04-12,210412_OTTWPG,OTT,H,4,,1
2021-04-12,210412_SJSANA,SJS,H,0,,0
2021-04-13,210413_BOSBUF,BOS,H,3,SO,1
2021-04-13,210413_DALFLA,DAL,H,2,OT,0
2021-04-13,210413_NJDNYR,NJD,H,0,,0
2021-04-13,210413_NSHTBL,NSH,H,7,,1
2021-04-13,210413_TORCGY,TOR,H,2,OT,0
2021-04-13,210413_WSHPHI,WSH,H,6,,1
2021-04-14,210414_LAKVGK,LAK,H,2,,0
2021-04-14,210414_MINARI,MIN,H,5,,1
2021-04-14,210414_MTLCGY,MTL,H,1,,0
2021-04-14,210414_OTTWPG,OTT,H,2,,0
2021-04-14,210414_SJSANA,SJS,H,1,,0
2021-04-14,210414_STLCOL,STL,H,3,,0
2021-04-15,210415_BOSNYI,BOS,H,4,,1
2021-04-15,210415_CARNSH,CAR,H,4,,1
2021-04-15,210415_DALCBJ,DAL,H,4,,1
2021-04-15,210415_DETCHI,DET,H,4,,1
2021-04-15,210415_NYRNJD,NYR,H,4,,1
2021-04-15,210415_PITPHI,PIT,H,1,SO,0
2021-04-15,210415_TBLFLA,TBL,H,3,OT,1
2021-04-15,210415_TORWPG,TOR,H,2,,0
2021-04-15,210415_WSHBUF,WSH,H,2,,0
2021-04-16,210416_ANAVGK,ANA,H,0,,0
2021-04-16,210416_BOSNYI,BOS,H,3,,1
2021-04-16,210416_MINSJS,MIN,H,3,,1
2021-04-16,210416_MTLCGY,MTL,H,2,,1
2021-04-17,210417_ARISTL,ARI,H,3,,1
2021-04-17,210417_BUFPIT,BUF,H,2,,0
2021-04-17,210417_CARNSH,CAR,H,3,,1
2021-04-17,210417_DALCBJ,DAL,H,5,,1
2021-04-17,210417_DETCHI,DET,H,0,,0
2021-04-17,210417_MINSJS,MIN,H,5,,1
2021-04-17,210417_MTLOTT,MTL,H,0,,0
2021-04-17,210417_NYRNJD,NYR,H,6,,1
2021-04-17,210417_PHIWSH,PHI,H,3,,0
2021-04-17,210417_TBLFLA,TBL,H,3,,0
2021-04-17,210417_WPGEDM,WPG,H,0,,0
2021-04-18,210418_ANAVGK,ANA,H,2,,0
2021-04-18,210418_BOSWSH,BOS,H,6,,1
2021-04-18,210418_BUFPIT,BUF,H,4,,1
2021-04-18,210418_NJDNYR,NJD,H,3,,0
2021-04-18,210418_PHINYI,PHI,H,0,OT,0
2021-04-18,210418_VANTOR,VAN,H,3,OT,1
2021-04-19,210419_ARIMIN,ARI,H,2,,0
2021-04-19,210419_CGYOTT,CGY,H,2,,0
2021-04-19,210419_DALDET,DAL,H,3,SO,1
2021-04-19,210419_EDMMTL,EDM,H,4,,1
2021-04-19,210419_FLACBJ,FLA,H,4,,1
2021-04-19,210419_NSHCHI,NSH,H,5,,1
2021-04-19,210419_TBLCAR,TBL,H,3,OT,1
2021-04-19,210419_VGKSJS,VGK,H,3,SO,1
2021-04-20,210420_BUFBOS,BUF,H,0,,0
2021-04-20,210420_DALDET,DAL,H,5,,1
2021-04-20,210420_FLACBJ,FLA,H,5,,1
2021-04-20,210420_LAKANA,LAK,H,4,,1
2021-04-20,210420_NYINYR,NYI,H,6,,1
2021-04-20,210420_PITNJD,PIT,H,7,,1
2021-04-20,210420_TBLCAR,TBL,H,1,,0
2021-04-20,210420_VANTOR,VAN,H,6,,1
2021-04-21,210421_ARIMIN,ARI,H,1,,0
2021-04-21,210421_CHINSH,CHI,H,5,OT,1
2021-04-21,210421_EDMMTL,EDM,H,3,,0
2021-04-21,210421_VGKSJS,VGK,H,5,,1
2021-04-22,210422_BUFBOS,BUF,H,1,,0
2021-04-22,210422_DETDAL,DET,H,7,,1
2021-04-22,210422_FLACAR,FLA,H,2,,0
2021-04-22,210422_NYIWSH,NYI,H,0,SO,0
2021-04-22,210422_NYRPHI,NYR,H,2,,0
2021-04-22,210422_PITNJD,PIT,H,5,,1
2021-04-22,210422_STLCOL,STL,H,2,,0
2021-04-22,210422_TBLCBJ,TBL,H,3,,1
2021-04-22,210422_VANOTT,VAN,H,0,,0
2021-04-22,210422_WPGTOR,WPG,H,3,,0
2021-04-23,210423_BUFBOS,BUF,H,6,,1
2021-04-23,210423_CGYMTL,CGY,H,4,,1
2021-04-23,210423_CHINSH,CHI,H,1,,0
2021-04-23,210423_LAKMIN,LAK,H,2,,0
2021-04-23,210423_NYRPHI,NYR,H,4,,1
2021-04-24,210424_ANAVGK,ANA,H,1,,0
2021-04-24,210424_CGYMTL,CGY,H,5,,1
2021-04-24,210424_DETDAL,DET,H,1,OT,0
2021-04-24,210424_FLACAR,FLA,H,4,OT,1
2021-04-24,210424_LAKARI,LAK,H,0,,0
2021-04-24,210424_NYIWSH,NYI,H,3,,0
2021-04-24,210424_PITNJD,PIT,H,4,,1
2021-04-24,210424_SJSMIN,SJS,H,3,,0
2021-04-24,210424_STLCOL,STL,H,5,,1
2021-04-24,210424_VANOTT,VAN,H,4,,1
2021-04-24,210424_WPGTOR,WPG,H,1,,0
2021-04-25,210425_NYRBUF,NYR,H,6,,1
2021-04-25,210425_PHINJD,PHI,H,4,SO,1
2021-04-25,210425_PITBOS,PIT,H,1,,1
2021-04-25,210425_TBLCBJ,TBL,H,4,OT,1
2021-04-26,210426_CGYMTL,CGY,H,1,,0
2021-04-26,210426_DALCAR,DAL,H,4,OT,1
2021-04-26,210426_LAKANA,LAK,H,4,,1
2021-04-26,210426_NSHFLA,NSH,H,4,,1
2021-04-26,210426_OTTVAN,OTT,H,2,,1
2021-04-26,210426_SJSARI,SJS,H,6,,1
2021-04-26,210426_STLCOL,STL,H,4,,1
2021-04-26,210426_WPGEDM,WPG,H,1,,0
2021-04-27,210427_CBJDET,CBJ,H,1,SO,1
2021-04-27,210427_CHITBL,CHI,H,4,,0
2021-04-27,210427_DALCAR,DAL,H,1,,0
2021-04-27,210427_NJDPHI,NJD,H,6,,1
2021-04-27,210427_NSHFLA,NSH,H,4,,0
2021-04-27,210427_NYRBUF,NYR,H,3,,1
2021-04-27,210427_PITBOS,PIT,H,1,,0
2021-04-27,210427_WSHNYI,WSH,H,1,,1
2021-04-28,210428_LAKANA,LAK,H,2,,0
2021-04-28,210428_MINSTL,MIN,H,3,,0
2021-04-28,210428_MTLTOR,MTL,H,1,,0
2021-04-28,210428_OTTVAN,OTT,H,6,,1
2021-04-28,210428_SJSARI,SJS,H,4,,1
2021-04-28,210428_VGKCOL,VGK,H,5,,1
2021-04-28,210428_WPGEDM,WPG,H,1,,0
2021-04-29,210429_BOSBUF,BOS,H,5,,1
2021-04-29,210429_CARDET,CAR,H,3,,1
2021-04-29,210429_CHIFLA,CHI,H,3,OT,0
2021-04-29,210429_EDMCGY,EDM,H,1,,0
2021-04-29,210429_MINSTL,MIN,H,4,OT,0
2021-04-29,210429_NJDPHI,NJD,H,5,,1
2021-04-29,210429_NYRNYI,NYR,H,0,,0
2021-04-29,210429_TBLDAL,TBL,H,3,,1
2021-04-29,210429_TORVAN,TOR,H,4,,1
2021-04-29,210429_WSHPIT,WSH,H,4,OT,0
2021-04-30,210430_ANALAK,ANA,H,1,,0
2021-04-30,210430_ARIVGK,ARI,H,3,,1
2021-04-30,210430_COLSJS,COL,H,3,,1
2021-04-30,210430_MTLWPG,MTL,H,5,,1
2021-05-01,210501_ANALAK,ANA,H,6,,1
2021-05-01,210501_ARIVGK,ARI,H,2,OT,0
2021-05-01,210501_BOSBUF,BOS,H,6,,1
2021-05-01,210501_CARCBJ,CAR,H,2,OT,1
2021-05-01,210501_CHIFLA,CHI,H,4,,0
2021-05-01,210501_COLSJS,COL,H,4,,1
2021-05-01,210501_DETTBL,DET,H,1,SO,1
2021-05-01,210501_EDMCGY,EDM,H,4,,1
2021-05-01,210501_MINSTL,MIN,H,4,OT,1
2021-05-01,210501_MTLOTT,MTL,H,3,OT,1
2021-05-01,210501_NSHDAL,NSH,H,1,OT,1
2021-05-01,210501_NYINYR,NYI,H,3,,1
2021-05-01,210501_PHINJD,PHI,H,1,,0
2021-05-01,210501_TORVAN,TOR,H,5,,1
2021-05-01,210501_WSHPIT,WSH,H,0,,0
2021-05-02,210502_DETTBL,DET,H,1,,0
2021-05-03,210503_ARILAK,ARI,H,2,,0
2021-05-03,210503_BUFNYI,BUF,H,4,,1
2021-05-03,210503_CARCHI,CAR,H,5,,1
2021-05-03,210503_CBJNSH,CBJ,H,3,OT,0
2021-05-03,210503_FLADAL,FLA,H,5,OT,1
2021-05-03,210503_MINVGK,MIN,H,6,,1
2021-05-03,210503_MTLTOR,MTL,H,3,OT,1
2021-05-03,210503_NJDBOS,NJD,H,0,,0
2021-05-03,210503_NYRWSH,NYR,H,3,,0
2021-05-03,210503_OTTWPG,OTT,H,2,,1
2021-05-03,210503_PHIPIT,PHI,H,7,,1
2021-05-03,210503_SJSCOL,SJS,H,4,OT,0
2021-05-03,210503_STLANA,STL,H,3,,1
2021-05-03,210503_VANEDM,VAN,H,3,,0
2021-05-04,210504_BUFNYI,BUF,H,4,SO,1
2021-05-04,210504_CARCHI,CAR,H,6,,1
2021-05-04,210504_NJDBOS,NJD,H,4,OT,1
2021-05-04,210504_PHIPIT,PHI,H,3,,0
2021-05-04,210504_VANEDM,VAN,H,1,,0
2021-05-05,210505_ARILAK,ARI,H,2,,0
2021-05-05,210505_CBJNSH,CBJ,H,4,,1
2021-05-05,210505_CGYWPG,CGY,H,0,,0
2021-05-05,210505_MINVGK,MIN,H,2,OT,0
2021-05-05,210505_NYRWSH,NYR,H,2,,0
2021-05-05,210505_OTTMTL,OTT,H,5,,1
2021-05-05,210505_SJSCOL,SJS,H,3,,1
2021-05-05,210505_STLANA,STL,H,2,SO,0
2021-05-05,210505_TBLDAL,TBL,H,6,,1
2021-05-06,210506_BOSNYR,BOS,H,4,,1
2021-05-06,210506_CARCHI,CAR,H,1,OT,0
2021-05-06,210506_EDMVAN,EDM,H,3,,0
2021-05-06,210506_NYINJD,NYI,H,1,,0
2021-05-06,210506_PITBUF,PIT,H,8,,1
2021-05-06,210506_TORMTL,TOR,H,5,,1
2021-05-07,210507_CBJDET,CBJ,H,2,,0
2021-05-07,210507_LAKCOL,LAK,H,2,,0
2021-05-07,210507_MINANA,MIN,H,4,OT,1
2021-05-07,210507_SJSARI,SJS,H,2,,0
2021-05-07,210507_TBLDAL,TBL,H,2,,0
2021-05-07,210507_VGKSTL,VGK,H,4,OT,1
2021-05-07,210507_WSHPHI,WSH,H,2,,0
2021-05-08,210508_BOSNYR,BOS,H,4,,0
2021-05-08,210508_CBJDET,CBJ,H,5,OT,1
2021-05-08,210508_EDMVAN,EDM,H,4,,1
2021-05-08,210508_FLATBL,FLA,H,5,,1
2021-05-08,210508_LAKCOL,LAK,H,2,,0
2021-05-08,210508_MINANA,MIN,H,4,OT,1
2021-05-08,210508_NSHCAR,NSH,H,3,,1
2021-05-08,210508_NYINJD,NYI,H,5,,1
2021-05-08,210508_PITBUF,PIT,H,1,,1
2021-05-08,210508_SJSARI,SJS,H,4,OT,0
2021-05-08,210508_TORMTL,TOR,H,3,,1
2021-05-08,210508_VGKSTL,VGK,H,4,,1
2021-05-08,210508_WPGOTT,WPG,H,2,,0
2021-05-08,210508_WSHPHI,WSH,H,2,OT,1
2021-05-09,210509_CGYOTT,CGY,H,6,,1
2021-05-09,210509_CHIDAL,CHI,H,4,,1
2021-05-10,210510_BOSNYI,BOS,H,3,OT,1
2021-05-10,210510_CHIDAL,CHI,H,4,OT,0
2021-05-10,210510_FLATBL,FLA,H,4,,1
2021-05-10,210510_LAKSTL,LAK,H,1,OT,0
2021-05-10,210510_MTLEDM,MTL,H,3,OT,0
2021-05-10,210510_NSHCAR,NSH,H,5,,1
2021-05-10,210510_PHINJD,PHI,H,4,,1
2021-05-10,210510_VGKCOL,VGK,H,1,,0
2021-05-10,210510_WPGVAN,WPG,H,1,,0
2021-05-11,210511_WPGVAN,WPG,H,5,,1
2021-05-11,210511_WSHBOS,WSH,H,2,,1
2021-05-12,210512_COLLAK,COL,H,6,,1
2021-05-12,210512_MTLEDM,MTL,H,3,OT,0
2021-05-12,210512_OTTTOR,OTT,H,4,OT,1
2021-05-12,210512_SJSVGK,SJS,H,0,,0
2021-05-12,210512_STLMIN,STL,H,4,,1
2021-05-13,210513_CGYVAN,CGY,H,4,,1
2021-05-13,210513_COLLAK,COL,H,5,,1
2021-05-13,210513_STLMIN,STL,H,7,,1
2021-05-14,210514_WPGTOR,WPG,H,4,,1
2021-05-15,210515_EDMVAN,EDM,H,1,,0
2021-05-16,210516_VANCGY,VAN,H,5,OT,0
2021-05-18,210518_VANCGY,VAN,H,4,,1
2021-05-19,210519_CGYVAN,CGY,H,6,,1
2021-01-13,210113_COLSTL,STL,A,4,,1
2021-01-13,210113_EDMVAN,VAN,A,5,,1
2021-01-13,210113_PHIPIT,PIT,A,3,,0
2021-01-13,210113_TBLCHI,CHI,A,1,,0
2021-01-13,210113_TORMTL,MTL,A,4,OT,0
2021-01-14,210114_ARISJS,SJS,A,4,SO,1
2021-01-14,210114_BUFWSH,WSH,A,6,,1
2021-01-14,210114_DETCAR,CAR,A,3,,1
2021-01-14,210114_EDMVAN,VAN,A,2,,0
2021-01-14,210114_LAKMIN,MIN,A,4,OT,1
2021-01-14,210114_NJDBOS,BOS,A,3,SO,1
2021-01-14,210114_NSHCBJ,CBJ,A,1,,0
2021-01-14,210114_NYRNYI,NYI,A,4,,1
2021-01-14,210114_VGKANA,ANA,A,2,,0
2021-01-14,210114_WPGCGY,CGY,A,3,OT,0
2021-01-15,210115_BUFWSH,WSH,A,2,,1
2021-01-15,210115_COLSTL,STL,A,0,,0
2021-01-15,210115_OTTTOR,TOR,A,3,,0
2021-01-15,210115_PHIPIT,PIT,A,2,,0
2021-01-15,210115_TBLCHI,CHI,A,2,,0
2021-01-16,210116_ARISJS,SJS,A,3,,0
2021-01-16,210116_CGYVAN,VAN,A,0,,0
2021-01-16,210116_DETCAR,CAR,A,2,,0
2021-01-16,210116_EDMMTL,MTL,A,5,,1
2021-01-16,210116_LAKMIN,MIN,A,4,OT,1
2021-01-16,210116_NJDBOS,BOS,A,1,OT,0
2021-01-16,210116_NSHCBJ,CBJ,A,2,,0
2021-01-16,210116_NYRNYI,NYI,A,0,,0
2021-01-16,210116_OTTTOR,TOR,A,3,,1
2021-01-16,210116_VGKANA,ANA,A,1,OT,0
2021-01-17,210117_FLACHI,CHI,A,2,,0
2021-01-17,210117_PITWSH,WSH,A,3,SO,0
2021-01-18,210118_ANAMIN,MIN,A,0,,0
2021-01-18,210118_CGYVAN,VAN,A,2,,0
2021-01-18,210118_DETCBJ,CBJ,A,3,,1
2021-01-18,210118_EDMMTL,MTL,A,3,,1
2021-01-18,210118_NSHCAR,CAR,A,4,,1
2021-01-18,210118_NYIBOS,BOS,A,0,,0
2021-01-18,210118_PHIBUF,BUF,A,6,,1
2021-01-18,210118_STLSJS,SJS,A,4,,0
2021-01-18,210118_TORWPG,WPG,A,1,,0
2021-01-18,210118_VGKARI,ARI,A,2,,0
2021-01-19,210119_DETCBJ,CBJ,A,2,OT,0
2021-01-19,210119_FLACHI,CHI,A,4,OT,0
2021-01-19,210119_LAKCOL,COL,A,3,,1
2021-01-19,210119_NYRNJD,NJD,A,4,,1
2021-01-19,210119_OTTWPG,WPG,A,4,OT,1
2021-01-19,210119_PHIBUF,BUF,A,0,,0
2021-01-19,210119_PITWSH,WSH,A,4,OT,0
2021-01-20,210120_ANAMIN,MIN,A,3,,1
2021-01-20,210120_STLSJS,SJS,A,2,SO,1
2021-01-20,210120_TOREDM,EDM,A,3,,1
2021-01-20,210120_VANMTL,MTL,A,5,SO,0
2021-01-20,210120_VGKARI,ARI,A,2,,0
2021-01-21,210121_BOSPHI,PHI,A,4,SO,0
2021-01-21,210121_CBJTBL,TBL,A,3,OT,1
2021-01-21,210121_LAKCOL,COL,A,2,,0
2021-01-21,210121_NYINJD,NJD,A,1,,0
2021-01-21,210121_OTTWPG,WPG,A,4,,1
2021-01-21,210121_VANMTL,MTL,A,7,,1
2021-01-22,210122_ANACOL,COL,A,3,OT,1
2021-01-22,210122_ARIVGK,VGK,A,2,,0
2021-01-22,210122_CHIDET,DET,A,1,,0
2021-01-22,210122_DALNSH,NSH,A,0,,0
2021-01-22,210122_MINSJS,SJS,A,1,,0
2021-01-22,210122_PITNYR,NYR,A,3,SO,0
2021-01-22,210122_TOREDM,EDM,A,2,,0
2021-01-22,210122_WSHBUF,BUF,A,3,SO,0
2021-01-23,210123_BOSPHI,PHI,A,1,,0
2021-01-23,210123_CBJTBL,TBL,A,2,,0
2021-01-23,210123_STLLAK,LAK,A,2,,0
2021-01-23,210123_VANMTL,MTL,A,5,,1
2021-01-23,210123_WPGOTT,OTT,A,3,,0
2021-01-24,210124_ANACOL,COL,A,1,,0
2021-01-24,210124_ARIVGK,VGK,A,1,,1
2021-01-24,210124_CGYTOR,TOR,A,3,,1
2021-01-24,210124_CHIDET,DET,A,2,,0
2021-01-24,210124_DALNSH,NSH,A,2,,0
2021-01-24,210124_MINSJS,SJS,A,5,,1
2021-01-24,210124_NJDNYI,NYI,A,0,,0
2021-01-24,210124_PITNYR,NYR,A,2,,0
2021-01-24,210124_STLLAK,LAK,A,6,,1
2021-01-24,210124_WPGEDM,EDM,A,4,,1
2021-01-24,210124_WSHBUF,BUF,A,4,SO,1
2021-01-25,210125_VANOTT,OTT,A,1,,0
2021-01-26,210126_ARIANA,ANA,A,1,,1
2021-01-26,210126_BOSPIT,PIT,A,2,OT,0
2021-01-26,210126_BUFNYR,NYR,A,2,,0
2021-01-26,210126_CBJFLA,FLA,A,4,SO,1
2021-01-26,210126_CGYTOR,TOR,A,4,,1
2021-01-26,210126_COLSJS,SJS,A,3,,0
2021-01-26,210126_DALDET,DET,A,1,OT,0
2021-01-26,210126_MINLAK,LAK,A,2,,1
2021-01-26,210126_NJDPHI,PHI,A,5,,1
2021-01-26,210126_NSHCHI,CHI,A,2,OT,0
2021-01-26,210126_VGKSTL,STL,A,5,SO,1
2021-01-26,210126_WPGEDM,EDM,A,4,,0
2021-01-26,210126_WSHNYI,NYI,A,2,,0
2021-01-27,210127_NSHCHI,CHI,A,1,SO,0
2021-01-27,210127_VANOTT,OTT,A,1,,0
2021-01-28,210128_ARIANA,ANA,A,2,,0
2021-01-28,210128_BOSPIT,PIT,A,1,,0
2021-01-28,210128_BUFNYR,NYR,A,3,OT,1
2021-01-28,210128_CARTBL,TBL,A,0,OT,0
2021-01-28,210128_CBJFLA,FLA,A,2,SO,0
2021-01-28,210128_COLSJS,SJS,A,0,,0
2021-01-28,210128_DALDET,DET,A,3,,0
2021-01-28,210128_EDMTOR,TOR,A,4,,1
2021-01-28,210128_MINLAK,LAK,A,3,,0
2021-01-28,210128_MTLCGY,CGY,A,2,,0
2021-01-28,210128_NJDPHI,PHI,A,3,,1
2021-01-28,210128_VANOTT,OTT,A,1,,0
2021-01-28,210128_WSHNYI,NYI,A,3,,0
2021-01-29,210129_CHICBJ,CBJ,A,2,,1
2021-01-30,210130_ANASTL,STL,A,6,,1
2021-01-30,210130_BUFNJD,NJD,A,3,SO,0
2021-01-30,210130_CARDAL,DAL,A,1,,0
2021-01-30,210130_DETFLA,FLA,A,3,OT,1
2021-01-30,210130_EDMTOR,TOR,A,3,OT,0
2021-01-30,210130_MINCOL,COL,A,5,,1
2021-01-30,210130_MTLCGY,CGY,A,2,,1
2021-01-30,210130_NYRPIT,PIT,A,5,OT,1
2021-01-30,210130_PHINYI,NYI,A,2,OT,0
2021-01-30,210130_TBLNSH,NSH,A,3,,0
2021-01-30,210130_WPGVAN,VAN,A,4,,1
2021-01-30,210130_WSHBOS,BOS,A,3,OT,0
2021-01-31,210131_ANASTL,STL,A,4,,1
2021-01-31,210131_BUFNJD,NJD,A,5,,1
2021-01-31,210131_CARDAL,DAL,A,3,SO,0
2021-01-31,210131_CHICBJ,CBJ,A,1,,0
2021-01-31,210131_DETFLA,FLA,A,3,,1
2021-01-31,210131_EDMOTT,OTT,A,5,,0
2021-01-31,210131_MINCOL,COL,A,3,OT,0
2021-01-31,210131_PHINYI,NYI,A,3,OT,0
2021-02-01,210201_MTLVAN,VAN,A,2,,0
2021-02-01,210201_NYRPIT,PIT,A,1,,0
2021-02-01,210201_TBLNSH,NSH,A,2,,0
2021-02-01,210201_WPGCGY,CGY,A,4,SO,1
2021-02-01,210201_WSHBOS,BOS,A,5,,1
2021-02-02,210202_CBJDAL,DAL,A,6,,1
2021-02-02,210202_CHICAR,CAR,A,4,SO,1
2021-02-02,210202_COLMIN,MIN,A,1,,0
2021-02-02,210202_EDMOTT,OTT,A,2,,0
2021-02-02,210202_LAKANA,ANA,A,3,,1
2021-02-02,210202_MTLVAN,VAN,A,3,,0
2021-02-02,210202_STLARI,ARI,A,3,,0
2021-02-02,210202_WPGCGY,CGY,A,2,,0
2021-02-03,210203_PHIBOS,BOS,A,4,OT,1
2021-02-03,210203_TBLDET,DET,A,1,,0
2021-02-04,210204_CBJDAL,DAL,A,3,,0
2021-02-04,210204_CHICAR,CAR,A,4,,0
2021-02-04,210204_FLANSH,NSH,A,6,OT,1
2021-02-04,210204_MTLOTT,OTT,A,3,,1
2021-02-04,210204_NYRWSH,WSH,A,2,,0
2021-02-04,210204_STLARI,ARI,A,4,,1
2021-02-04,210204_TORVAN,VAN,A,3,,0
2021-02-04,210204_WPGCGY,CGY,A,1,,0
2021-02-05,210205_ANASJS,SJS,A,5,SO,1
2021-02-05,210205_FLANSH,NSH,A,1,,0
2021-02-05,210205_PHIBOS,BOS,A,2,,1
2021-02-05,210205_TBLDET,DET,A,1,,0
2021-02-05,210205_VGKLAK,LAK,A,2,,0
2021-02-06,210206_ANASJS,SJS,A,1,SO,0
2021-02-06,210206_CGYEDM,EDM,A,4,,0
2021-02-06,210206_NYIPIT,PIT,A,3,,0
2021-02-06,210206_OTTMTL,MTL,A,2,,1
2021-02-06,210206_STLARI,ARI,A,3,,1
2021-02-06,210206_TORVAN,VAN,A,1,,0
2021-02-07,210207_CBJCAR,CAR,A,6,,1
2021-02-07,210207_DALCHI,CHI,A,2,OT,1
2021-02-07,210207_FLADET,DET,A,4,,1
2021-02-07,210207_VGKLAK,LAK,A,3,,0
2021-02-07,210207_WSHPHI,PHI,A,7,,1
2021-02-08,210208_CBJCAR,CAR,A,2,,0
2021-02-08,210208_NSHTBL,TBL,A,4,,1
2021-02-08,210208_NYRNYI,NYI,A,2,,1
2021-02-08,210208_OTTEDM,EDM,A,3,,1
2021-02-08,210208_STLARI,ARI,A,4,SO,1
2021-02-08,210208_TORVAN,VAN,A,1,,0
2021-02-09,210209_CGYWPG,WPG,A,2,,0
2021-02-09,210209_DALCHI,CHI,A,2,OT,1
2021-02-09,210209_FLADET,DET,A,1,,0
2021-02-09,210209_LAKSJS,SJS,A,4,SO,1
2021-02-09,210209_NSHTBL,TBL,A,6,,1
2021-02-09,210209_OTTEDM,EDM,A,3,,1
2021-02-09,210209_VGKANA,ANA,A,4,,0
2021-02-10,210210_MTLTOR,TOR,A,4,,1
2021-02-10,210210_NYRBOS,BOS,A,3,OT,1
2021-02-11,210211_CHICBJ,CBJ,A,6,,1
2021-02-11,210211_DALCAR,CAR,A,5,,1
2021-02-11,210211_FLATBL,TBL,A,2,,0
2021-02-11,210211_LAKSJS,SJS,A,2,,0
2021-02-11,210211_MTLEDM,EDM,A,3,,1
2021-02-11,210211_NSHDET,DET,A,2,,0
2021-02-11,210211_NYIPIT,PIT,A,4,SO,1
2021-02-11,210211_VANCGY,CGY,A,3,,1
2021-02-11,210211_VGKANA,ANA,A,1,,1
2021-02-11,210211_WPGOTT,OTT,A,1,,0
2021-02-12,210212_ARISTL,STL,A,4,,1
2021-02-12,210212_NYRBOS,BOS,A,1,,1
2021-02-13,210213_ARISTL,STL,A,5,OT,1
2021-02-13,210213_CHICBJ,CBJ,A,2,OT,0
2021-02-13,210213_DALCAR,CAR,A,4,SO,1
2021-02-13,210213_FLATBL,TBL,A,6,,1
2021-02-13,210213_NSHDET,DET,A,4,,1
2021-02-13,210213_NYIBOS,BOS,A,2,,0
2021-02-13,210213_SJSVGK,VGK,A,3,,1
2021-02-13,210213_TORMTL,MTL,A,2,,1
2021-02-13,210213_VANCGY,CGY,A,1,,0
2021-02-13,210213_WPGOTT,OTT,A,2,,1
2021-02-14,210214_PITWSH,WSH,A,3,,0
2021-02-14,210214_VGKCOL,COL,A,0,,0
2021-02-15,210215_ARISTL,STL,A,0,,0
2021-02-15,210215_BUFNYI,NYI,A,3,,1
2021-02-15,210215_CARCBJ,CBJ,A,3,,0
2021-02-15,210215_DETCHI,CHI,A,3,OT,1
2021-02-15,210215_EDMWPG,WPG,A,6,,1
2021-02-15,210215_SJSANA,ANA,A,2,,0
2021-02-15,210215_TBLFLA,FLA,A,6,,1
2021-02-15,210215_TOROTT,OTT,A,6,OT,1
2021-02-15,210215_VANCGY,CGY,A,4,OT,1
2021-02-16,210216_BUFNYI,NYI,A,3,,1
2021-02-16,210216_LAKMIN,MIN,A,0,,0
2021-02-16,210216_NYRNJD,NJD,A,5,,1
2021-02-16,210216_PITWSH,WSH,A,3,,1
2021-02-16,210216_VGKCOL,COL,A,3,,1
2021-02-17,210217_CARFLA,FLA,A,4,OT,1
2021-02-17,210217_CGYVAN,VAN,A,5,,1
2021-02-17,210217_DETCHI,CHI,A,2,,1
2021-02-17,210217_EDMWPG,WPG,A,2,,0
2021-02-17,210217_TOROTT,OTT,A,1,,0
2021-02-18,210218_ANAMIN,MIN,A,3,,1
2021-02-18,210218_ARILAK,LAK,A,3,SO,1
2021-02-18,210218_BOSNJD,NJD,A,3,,1
2021-02-18,210218_CBJNSH,NSH,A,0,,0
2021-02-18,210218_PHINYR,NYR,A,3,SO,1
2021-02-18,210218_PITNYI,NYI,A,1,,0
2021-02-18,210218_STLSJS,SJS,A,2,OT,0
2021-02-18,210218_TOROTT,OTT,A,3,,0
2021-02-18,210218_WSHBUF,BUF,A,1,,0
2021-02-19,210219_CARCHI,CHI,A,3,,0
2021-02-19,210219_CGYEDM,EDM,A,2,,1
2021-02-19,210219_DETFLA,FLA,A,7,,1
2021-02-19,210219_VANWPG,WPG,A,2,,1
2021-02-20,210220_ANAMIN,MIN,A,5,,1
2021-02-20,210220_ARILAK,LAK,A,4,,1
2021-02-20,210220_CARTBL,TBL,A,0,,0
2021-02-20,210220_CBJNSH,NSH,A,4,,1
2021-02-20,210220_COLVGK,VGK,A,2,,0
2021-02-20,210220_DETFLA,FLA,A,1,,0
2021-02-20,210220_EDMCGY,CGY,A,1,,0
2021-02-20,210220_MTLTOR,TOR,A,5,,1
2021-02-20,210220_NJDBUF,BUF,A,3,,1
2021-02-20,210220_PITNYI,NYI,A,2,,0
2021-02-20,210220_STLSJS,SJS,A,5,,1
2021-02-20,210220_WSHNYR,NYR,A,4,,1
2021-02-21,210221_BOSPHI,PHI,A,3,,0
2021-02-21,210221_OTTMTL,MTL,A,2,OT,0
2021-02-21,210221_VANWPG,WPG,A,4,OT,1
2021-02-21,210221_WSHNJD,NJD,A,3,,0
2021-02-22,210222_ARIANA,ANA,A,3,,0
2021-02-22,210222_CARTBL,TBL,A,4,,1
2021-02-22,210222_COLVGK,VGK,A,3,,1
2021-02-22,210222_FLADAL,DAL,A,1,,0
2021-02-22,210222_NYIBUF,BUF,A,2,,0
2021-02-22,210222_SJSMIN,MIN,A,6,,1
2021-02-22,210222_STLLAK,LAK,A,3,,1
2021-02-22,210222_TORCGY,CGY,A,3,,1
2021-02-23,210223_CBJCHI,CHI,A,6,SO,1
2021-02-23,210223_DETNSH,NSH,A,2,,1
2021-02-23,210223_NJDBUF,BUF,A,4,,1
2021-02-23,210223_OTTMTL,MTL,A,4,SO,0
2021-02-23,210223_VANEDM,EDM,A,4,,1
2021-02-23,210223_WSHPIT,PIT,A,3,OT,1
2021-02-24,210224_ARIANA,ANA,A,3,SO,0
2021-02-24,210224_COLMIN,MIN,A,6,,1
2021-02-24,210224_FLADAL,DAL,A,3,,1
2021-02-24,210224_PHINYR,NYR,A,3,,0
2021-02-24,210224_STLLAK,LAK,A,2,,1
2021-02-24,210224_TBLCAR,CAR,A,0,,0
2021-02-24,210224_TORCGY,CGY,A,1,OT,0
2021-02-25,210225_BUFNJD,NJD,A,4,OT,1
2021-02-25,210225_CBJCHI,CHI,A,2,,1
2021-02-25,210225_DETNSH,NSH,A,2,,0
2021-02-25,210225_FLADAL,DAL,A,2,,0
2021-02-25,210225_NYIBOS,BOS,A,2,,0
2021-02-25,210225_OTTCGY,CGY,A,1,,0
2021-02-25,210225_TBLCAR,CAR,A,1,,0
2021-02-25,210225_VANEDM,EDM,A,3,,1
2021-02-25,210225_WPGMTL,MTL,A,3,,0
2021-02-25,210225_WSHPIT,PIT,A,2,,0
2021-02-26,210226_ARICOL,COL,A,3,,1
2021-02-26,210226_MINLAK,LAK,A,1,,0
2021-02-26,210226_NYRBOS,BOS,A,2,,0
2021-02-27,210227_ANAVGK,VGK,A,3,OT,1
2021-02-27,210227_ARICOL,COL,A,6,,1
2021-02-27,210227_BUFPHI,PHI,A,3,,1
2021-02-27,210227_CHIDET,DET,A,5,,1
2021-02-27,210227_EDMTOR,TOR,A,4,,1
2021-02-27,210227_FLACAR,CAR,A,4,SO,1
2021-02-27,210227_MINLAK,LAK,A,3,OT,0
2021-02-27,210227_NJDWSH,WSH,A,5,,1
2021-02-27,210227_NSHCBJ,CBJ,A,1,,0
2021-02-27,210227_NYIPIT,PIT,A,4,OT,1
2021-02-27,210227_OTTCGY,CGY,A,6,,1
2021-02-27,210227_SJSSTL,STL,A,7,,1
2021-02-27,210227_TBLDAL,DAL,A,0,,0
2021-02-27,210227_WPGMTL,MTL,A,1,OT,0
2021-02-28,210228_BUFPHI,PHI,A,3,,1
2021-02-28,210228_CHIDET,DET,A,2,,0
2021-02-28,210228_NJDWSH,WSH,A,3,,1
2021-02-28,210228_NSHCBJ,CBJ,A,1,,0
2021-02-28,210228_NYIPIT,PIT,A,0,,0
2021-02-28,210228_NYRBOS,BOS,A,4,,1
2021-03-01,210301_ANASTL,STL,A,5,,1
2021-03-01,210301_EDMTOR,TOR,A,3,,1
2021-03-01,210301_FLACAR,CAR,A,3,OT,1
2021-03-01,210301_OTTCGY,CGY,A,1,,0
2021-03-01,210301_SJSCOL,COL,A,2,,0
2021-03-01,210301_VGKMIN,MIN,A,4,OT,0
2021-03-01,210301_WPGVAN,VAN,A,4,,1
2021-03-02,210302_CBJDET,DET,A,1,,0
2021-03-02,210302_DALTBL,TBL,A,2,,1
2021-03-02,210302_MTLOTT,OTT,A,1,,0
2021-03-02,210302_NJDNYI,NYI,A,2,,1
2021-03-02,210302_NSHCAR,CAR,A,4,,1
2021-03-02,210302_NYRBUF,BUF,A,2,,0
2021-03-02,210302_PITPHI,PHI,A,2,,0
2021-03-02,210302_WPGVAN,VAN,A,2,,0
2021-03-03,210303_ANASTL,STL,A,3,,1
2021-03-03,210303_BOSWSH,WSH,A,2,SO,1
2021-03-03,210303_EDMTOR,TOR,A,6,,1
2021-03-03,210303_LAKARI,ARI,A,3,,1
2021-03-03,210303_SJSCOL,COL,A,4,,1
2021-03-03,210303_VGKMIN,MIN,A,1,,0
2021-03-04,210304_CARDET,DET,A,2,,0
2021-03-04,210304_CGYOTT,OTT,A,3,,0
2021-03-04,210304_CHITBL,TBL,A,3,OT,1
2021-03-04,210304_DALCBJ,CBJ,A,3,,1
2021-03-04,210304_MTLWPG,WPG,A,4,OT,1
2021-03-04,210304_NJDNYR,NYR,A,6,,1
2021-03-04,210304_NSHFLA,FLA,A,5,,1
2021-03-04,210304_NYIBUF,BUF,A,2,,0
2021-03-04,210304_PITPHI,PHI,A,4,,1
2021-03-04,210304_VANTOR,TOR,A,1,,0
2021-03-05,210305_ARIMIN,MIN,A,5,,1
2021-03-05,210305_BOSWSH,WSH,A,1,,0
2021-03-05,210305_CHITBL,TBL,A,3,SO,0
2021-03-05,210305_COLANA,ANA,A,2,OT,0
2021-03-05,210305_LAKSTL,STL,A,3,OT,1
2021-03-05,210305_SJSVGK,VGK,A,5,OT,1
2021-03-06,210306_ARIMIN,MIN,A,2,,0
2021-03-06,210306_COLANA,ANA,A,5,OT,1
2021-03-06,210306_DALCBJ,CBJ,A,0,,0
2021-03-06,210306_EDMCGY,CGY,A,2,,0
2021-03-06,210306_LAKSTL,STL,A,3,OT,0
2021-03-06,210306_MTLWPG,WPG,A,1,,0
2021-03-06,210306_NJDNYR,NYR,A,6,,1
2021-03-06,210306_NSHFLA,FLA,A,6,,1
2021-03-06,210306_NYIBUF,BUF,A,2,,0
2021-03-06,210306_PITPHI,PHI,A,3,,0
2021-03-06,210306_SJSVGK,VGK,A,4,,1
2021-03-06,210306_VANTOR,TOR,A,2,,0
2021-03-07,210307_BOSNJD,NJD,A,1,,1
2021-03-07,210307_CARFLA,FLA,A,2,,0
2021-03-07,210307_CGYOTT,OTT,A,4,SO,1
2021-03-07,210307_CHITBL,TBL,A,6,,1
2021-03-07,210307_DALNSH,NSH,A,4,SO,1
2021-03-07,210307_NYIBUF,BUF,A,2,,0
2021-03-07,210307_PHIWSH,WSH,A,3,,1
2021-03-07,210307_PITNYR,NYR,A,1,,0
2021-03-08,210308_ANALAK,LAK,A,5,OT,0
2021-03-08,210308_COLARI,ARI,A,3,,1
2021-03-08,210308_EDMOTT,OTT,A,2,,0
2021-03-08,210308_MINVGK,VGK,A,0,,0
2021-03-08,210308_SJSSTL,STL,A,2,OT,0
2021-03-08,210308_VANMTL,MTL,A,1,SO,0
2021-03-09,210309_CARNSH,NSH,A,2,OT,0
2021-03-09,210309_CBJFLA,FLA,A,4,,1
2021-03-09,210309_DALCHI,CHI,A,1,,0
2021-03-09,210309_DETTBL,TBL,A,4,OT,1
2021-03-09,210309_NYIBOS,BOS,A,1,SO,0
2021-03-09,210309_PHIBUF,BUF,A,4,SO,0
2021-03-09,210309_PITNYR,NYR,A,2,,0
2021-03-09,210309_TORWPG,WPG,A,4,,1
2021-03-09,210309_WSHNJD,NJD,A,4,OT,0
2021-03-10,210310_ANALAK,LAK,A,5,,1
2021-03-10,210310_COLARI,ARI,A,1,OT,0
2021-03-10,210310_EDMOTT,OTT,A,1,,0
2021-03-10,210310_MINVGK,VGK,A,3,,0
2021-03-10,210310_VANMTL,MTL,A,5,,1
2021-03-11,210311_BOSNYR,NYR,A,0,,0
2021-03-11,210311_BUFPIT,PIT,A,5,,1
2021-03-11,210311_CARNSH,NSH,A,1,,0
2021-03-11,210311_CBJFLA,FLA,A,5,OT,1
2021-03-11,210311_CGYMTL,MTL,A,1,,0
2021-03-11,210311_DALCHI,CHI,A,4,,1
2021-03-11,210311_DETTBL,TBL,A,4,,0
2021-03-11,210311_NYINJD,NJD,A,3,,0
2021-03-11,210311_PHIWSH,WSH,A,5,,1
2021-03-11,210311_TORWPG,WPG,A,3,OT,0
2021-03-12,210312_ANASJS,SJS,A,6,,1
2021-03-12,210312_COLLAK,LAK,A,0,,0
2021-03-12,210312_EDMOTT,OTT,A,2,,0
2021-03-12,210312_MINARI,ARI,A,0,,0
2021-03-12,210312_STLVGK,VGK,A,5,OT,1
2021-03-13,210313_ANASJS,SJS,A,3,,1
2021-03-13,210313_BOSNYR,NYR,A,4,,1
2021-03-13,210313_BUFPIT,PIT,A,3,,1
2021-03-13,210313_CBJDAL,DAL,A,3,OT,0
2021-03-13,210313_CGYMTL,MTL,A,1,,0
2021-03-13,210313_FLACHI,CHI,A,2,,0
2021-03-13,210313_NJDNYI,NYI,A,3,,1
2021-03-13,210313_PHIWSH,WSH,A,5,,1
2021-03-13,210313_STLVGK,VGK,A,5,,1
2021-03-13,210313_TBLNSH,NSH,A,3,,0
2021-03-13,210313_TORWPG,WPG,A,5,,1
2021-03-13,210313_VANEDM,EDM,A,1,,0
2021-03-14,210314_CBJDAL,DAL,A,2,SO,1
2021-03-14,210314_COLLAK,LAK,A,1,,0
2021-03-14,210314_DETCAR,CAR,A,2,,1
2021-03-14,210314_MINARI,ARI,A,1,,0
2021-03-14,210314_NJDNYI,NYI,A,3,SO,1
2021-03-14,210314_OTTTOR,TOR,A,3,,0
2021-03-15,210315_BUFWSH,WSH,A,6,,1
2021-03-15,210315_CGYEDM,EDM,A,3,,0
2021-03-15,210315_FLACHI,CHI,A,3,,0
2021-03-15,210315_NYRPHI,PHI,A,5,OT,1
2021-03-15,210315_OTTVAN,VAN,A,3,OT,1
2021-03-15,210315_PITBOS,BOS,A,1,,0
2021-03-15,210315_TBLNSH,NSH,A,4,,1
2021-03-15,210315_VGKSJS,SJS,A,1,,0
2021-03-15,210315_WPGMTL,MTL,A,4,,1
2021-03-16,210316_COLANA,ANA,A,4,,0
2021-03-16,210316_DALTBL,TBL,A,4,SO,1
2021-03-16,210316_DETCAR,CAR,A,2,,0
2021-03-16,210316_MINARI,ARI,A,0,,0
2021-03-16,210316_NJDBUF,BUF,A,2,,0
2021-03-16,210316_PITBOS,BOS,A,2,,1
2021-03-16,210316_WSHNYI,NYI,A,1,,0
2021-03-17,210317_CGYEDM,EDM,A,7,,1
2021-03-17,210317_LAKSTL,STL,A,1,,0
2021-03-17,210317_NYRPHI,PHI,A,0,,0
2021-03-17,210317_OTTVAN,VAN,A,3,SO,1
2021-03-17,210317_VGKSJS,SJS,A,4,,0
2021-03-17,210317_WPGMTL,MTL,A,3,OT,0
2021-03-18,210318_ANAARI,ARI,A,2,OT,0
2021-03-18,210318_BUFBOS,BOS,A,4,,1
2021-03-18,210318_CARCBJ,CBJ,A,3,OT,1
2021-03-18,210318_COLMIN,MIN,A,1,,0
2021-03-18,210318_DETDAL,DAL,A,2,,0
2021-03-18,210318_EDMWPG,WPG,A,1,,0
2021-03-18,210318_FLANSH,NSH,A,2,,1
2021-03-18,210318_NJDPIT,PIT,A,2,,0
2021-03-18,210318_NYIPHI,PHI,A,4,,1
2021-03-18,210318_TBLCHI,CHI,A,2,,0
2021-03-19,210319_LAKVGK,VGK,A,4,,1
2021-03-19,210319_MTLVAN,VAN,A,3,OT,1
2021-03-19,210319_SJSSTL,STL,A,2,SO,1
2021-03-19,210319_TORCGY,CGY,A,4,,1
2021-03-19,210319_WSHNYR,NYR,A,1,,0
2021-03-20,210320_ANAARI,ARI,A,5,,1
2021-03-20,210320_CARCBJ,CBJ,A,3,SO,1
2021-03-20,210320_COLMIN,MIN,A,0,,0
2021-03-20,210320_DETDAL,DAL,A,3,,1
2021-03-20,210320_EDMWPG,WPG,A,2,,0
2021-03-20,210320_FLANSH,NSH,A,0,,0
2021-03-20,210320_MTLVAN,VAN,A,4,SO,0
2021-03-20,210320_NJDPIT,PIT,A,3,,1
2021-03-20,210320_NYIPHI,PHI,A,1,,0
2021-03-20,210320_SJSSTL,STL,A,5,,1
2021-03-20,210320_TBLCHI,CHI,A,1,,0
2021-03-20,210320_TORCGY,CGY,A,0,,0
2021-03-20,210320_WSHNYR,NYR,A,3,,1
2021-03-21,210321_DALNSH,NSH,A,4,SO,1
2021-03-21,210321_LAKVGK,VGK,A,1,,0
2021-03-21,210321_PITNJD,NJD,A,2,OT,1
2021-03-21,210321_TBLFLA,FLA,A,3,,0
2021-03-22,210322_ARICOL,COL,A,5,,1
2021-03-22,210322_CBJCAR,CAR,A,3,,1
2021-03-22,210322_MINANA,ANA,A,1,,0
2021-03-22,210322_NYRBUF,BUF,A,3,,0
2021-03-22,210322_OTTCGY,CGY,A,1,,0
2021-03-22,210322_PHINYI,NYI,A,2,OT,1
2021-03-22,210322_SJSLAK,LAK,A,1,,0
2021-03-22,210322_VANWPG,WPG,A,4,,1
2021-03-22,210322_VGKSTL,STL,A,1,,0
2021-03-23,210323_ARICOL,COL,A,4,SO,0
2021-03-23,210323_CHIFLA,FLA,A,2,,0
2021-03-23,210323_DALTBL,TBL,A,2,,1
2021-03-23,210323_NSHDET,DET,A,0,,0
2021-03-23,210323_PHINJD,NJD,A,4,,1
2021-03-24,210324_MINANA,ANA,A,2,,0
2021-03-24,210324_OTTCGY,CGY,A,1,,0
2021-03-24,210324_PITBUF,BUF,A,2,,0
2021-03-24,210324_SJSLAK,LAK,A,2,,0
2021-03-24,210324_VANWPG,WPG,A,5,,1
2021-03-25,210325_BOSNYI,NYI,A,4,OT,1
2021-03-25,210325_CBJCAR,CAR,A,4,OT,1
2021-03-25,210325_CHIFLA,FLA,A,0,,0
2021-03-25,210325_COLVGK,VGK,A,1,,0
2021-03-25,210325_DALTBL,TBL,A,3,,0
2021-03-25,210325_MINSTL,STL,A,0,,0
2021-03-25,210325_NSHDET,DET,A,1,,0
2021-03-25,210325_OTTTOR,TOR,A,3,OT,1
2021-03-25,210325_PHINYR,NYR,A,8,,1
2021-03-25,210325_PITBUF,BUF,A,0,,0
2021-03-25,210325_WSHNJD,NJD,A,3,,0
2021-03-26,210326_ARISJS,SJS,A,2,,0
2021-03-26,210326_CGYWPG,WPG,A,3,,1
2021-03-26,210326_STLANA,ANA,A,4,,1
2021-03-26,210326_WSHNJD,NJD,A,0,,0
2021-03-27,210327_ARISJS,SJS,A,0,,0
2021-03-27,210327_BOSBUF,BUF,A,2,,0
2021-03-27,210327_CARTBL,TBL,A,3,,0
2021-03-27,210327_CGYWPG,WPG,A,2,,0
2021-03-27,210327_CHINSH,NSH,A,3,,1
2021-03-27,210327_COLVGK,VGK,A,3,OT,1
2021-03-27,210327_DALFLA,FLA,A,4,OT,1
2021-03-27,210327_DETCBJ,CBJ,A,1,,0
2021-03-27,210327_PHINYR,NYR,A,1,,0
2021-03-27,210327_PITNYI,NYI,A,3,,0
2021-03-27,210327_TOREDM,EDM,A,3,OT,0
2021-03-28,210328_BOSNJD,NJD,A,1,,1
2021-03-28,210328_CHINSH,NSH,A,3,,1
2021-03-28,210328_DALFLA,FLA,A,4,,1
2021-03-28,210328_DETCBJ,CBJ,A,1,,0
2021-03-28,210328_STLANA,ANA,A,3,OT,1
2021-03-28,210328_WSHNYR,NYR,A,4,,0
2021-03-29,210329_BUFPHI,PHI,A,4,OT,1
2021-03-29,210329_CGYWPG,WPG,A,5,,1
2021-03-29,210329_COLANA,ANA,A,2,,0
2021-03-29,210329_PITNYI,NYI,A,1,,0
2021-03-29,210329_SJSMIN,MIN,A,3,SO,0
2021-03-29,210329_TOREDM,EDM,A,3,OT,1
2021-03-29,210329_VGKLAK,LAK,A,1,,0
2021-03-30,210330_BOSNJD,NJD,A,4,SO,0
2021-03-30,210330_CHICAR,CAR,A,1,,0
2021-03-30,210330_FLADET,DET,A,1,,0
2021-03-30,210330_MTLEDM,EDM,A,0,,0
2021-03-30,210330_NSHDAL,DAL,A,2,OT,0
2021-03-30,210330_NYRWSH,WSH,A,2,,0
2021-03-30,210330_TBLCBJ,CBJ,A,3,,1
2021-03-31,210331_BUFPHI,PHI,A,1,,0
2021-03-31,210331_COLARI,ARI,A,3,,0
2021-03-31,210331_SJSMIN,MIN,A,2,,0
2021-03-31,210331_VGKLAK,LAK,A,4,,1
2021-03-31,210331_WPGTOR,TOR,A,3,,1
2021-04-01,210401_BOSPIT,PIT,A,4,,1
2021-04-01,210401_BUFNYR,NYR,A,3,OT,1
2021-04-01,210401_CHICAR,CAR,A,4,,1
2021-04-01,210401_FLADET,DET,A,2,OT,0
2021-04-01,210401_NSHDAL,DAL,A,4,,1
2021-04-01,210401_NYIWSH,WSH,A,4,,0
2021-04-01,210401_OTTMTL,MTL,A,4,,1
2021-04-01,210401_TBLCBJ,CBJ,A,2,,0
2021-04-01,210401_VGKMIN,MIN,A,3,SO,1
2021-04-02,210402_ANAARI,ARI,A,4,,1
2021-04-02,210402_COLSTL,STL,A,2,,0
2021-04-02,210402_EDMCGY,CGY,A,2,,0
2021-04-02,210402_LAKSJS,SJS,A,3,,1
2021-04-02,210402_NJDWSH,WSH,A,2,OT,1
2021-04-02,210402_WPGTOR,TOR,A,2,SO,1
2021-04-03,210403_BOSPIT,PIT,A,5,,0
2021-04-03,210403_BUFNYR,NYR,A,2,SO,0
2021-04-03,210403_CARDAL,DAL,A,3,,1
2021-04-03,210403_COLSTL,STL,A,1,,0
2021-04-03,210403_FLACBJ,CBJ,A,2,,0
2021-04-03,210403_LAKSJS,SJS,A,3,,1
2021-04-03,210403_MTLOTT,OTT,A,6,,1
2021-04-03,210403_NSHCHI,CHI,A,0,,0
2021-04-03,210403_NYIPHI,PHI,A,2,SO,0
2021-04-03,210403_TBLDET,DET,A,1,,0
2021-04-03,210403_VGKMIN,MIN,A,2,,1
2021-04-04,210404_ANAARI,ARI,A,3,OT,1
2021-04-04,210404_CARDAL,DAL,A,0,,0
2021-04-04,210404_CGYTOR,TOR,A,4,,1
2021-04-04,210404_FLACBJ,CBJ,A,0,,0
2021-04-04,210404_NJDWSH,WSH,A,5,,1
2021-04-04,210404_TBLDET,DET,A,5,,1
2021-04-05,210405_BOSPHI,PHI,A,3,OT,1
2021-04-05,210405_CGYTOR,TOR,A,5,,1
2021-04-05,210405_LAKARI,ARI,A,5,,1
2021-04-05,210405_MINCOL,COL,A,5,,1
2021-04-05,210405_MTLEDM,EDM,A,2,OT,0
2021-04-05,210405_STLVGK,VGK,A,6,,1
2021-04-05,210405_WPGOTT,OTT,A,3,,0
2021-04-06,210406_CARFLA,FLA,A,2,,0
2021-04-06,210406_CBJTBL,TBL,A,2,,0
2021-04-06,210406_CHIDAL,DAL,A,2,,0
2021-04-06,210406_DETNSH,NSH,A,3,SO,1
2021-04-06,210406_NJDBUF,BUF,A,5,,1
2021-04-06,210406_NYIWSH,WSH,A,0,,0
2021-04-06,210406_NYRPIT,PIT,A,4,,0
2021-04-06,210406_PHIBOS,BOS,A,4,,1
2021-04-06,210406_SJSANA,ANA,A,5,,1
2021-04-07,210407_LAKARI,ARI,A,3,,0
2021-04-07,210407_MINCOL,COL,A,3,,0
2021-04-07,210407_OTTEDM,EDM,A,4,,1
2021-04-07,210407_STLVGK,VGK,A,1,,0
2021-04-07,210407_TORMTL,MTL,A,2,,0
2021-04-08,210408_BUFNJD,NJD,A,6,,1
2021-04-08,210408_CARFLA,FLA,A,0,,0
2021-04-08,210408_CBJTBL,TBL,A,6,,1
2021-04-08,210408_CHIDAL,DAL,A,5,,1
2021-04-08,210408_DETNSH,NSH,A,7,,1
2021-04-08,210408_MTLWPG,WPG,A,4,,1
2021-04-08,210408_NYIPHI,PHI,A,2,SO,0
2021-04-08,210408_NYRPIT,PIT,A,5,,1
2021-04-08,210408_OTTEDM,EDM,A,3,,1
2021-04-08,210408_WSHBOS,BOS,A,4,,1
2021-04-09,210409_ANACOL,COL,A,2,,1
2021-04-09,210409_BUFWSH,WSH,A,4,,1
2021-04-09,210409_NJDPIT,PIT,A,6,,1
2021-04-09,210409_NYINYR,NYR,A,4,,1
2021-04-09,210409_SJSLAK,LAK,A,2,,0
2021-04-09,210409_STLMIN,MIN,A,1,,0
2021-04-09,210409_VGKARI,ARI,A,4,,0
2021-04-10,210410_CARDET,DET,A,5,SO,1
2021-04-10,210410_CBJCHI,CHI,A,4,,1
2021-04-10,210410_CGYEDM,EDM,A,0,,0
2021-04-10,210410_DALFLA,FLA,A,1,,0
2021-04-10,210410_MTLWPG,WPG,A,5,,1
2021-04-10,210410_NSHTBL,TBL,A,3,,1
2021-04-10,210410_PHIBOS,BOS,A,2,,0
2021-04-10,210410_SJSLAK,LAK,A,4,,1
2021-04-10,210410_STLMIN,MIN,A,2,OT,0
2021-04-10,210410_TOROTT,OTT,A,5,,0
2021-04-11,210411_ANACOL,COL,A,4,,1
2021-04-11,210411_BOSWSH,WSH,A,8,,1
2021-04-11,210411_NJDPIT,PIT,A,5,,1
2021-04-11,210411_NSHDAL,DAL,A,2,SO,0
2021-04-11,210411_NYINYR,NYR,A,2,OT,0
2021-04-11,210411_PHIBUF,BUF,A,5,,1
2021-04-11,210411_VGKARI,ARI,A,0,,0
2021-04-12,210412_CARDET,DET,A,3,,1
2021-04-12,210412_CBJCHI,CHI,A,4,OT,1
2021-04-12,210412_COLARI,ARI,A,2,,0
2021-04-12,210412_LAKVGK,VGK,A,4,,1
2021-04-12,210412_MTLTOR,TOR,A,2,,0
2021-04-12,210412_OTTWPG,WPG,A,2,,0
2021-04-12,210412_SJSANA,ANA,A,4,,1
2021-04-13,210413_BOSBUF,BUF,A,2,SO,0
2021-04-13,210413_DALFLA,FLA,A,3,OT,1
2021-04-13,210413_NJDNYR,NYR,A,3,,1
2021-04-13,210413_NSHTBL,TBL,A,2,,0
2021-04-13,210413_TORCGY,CGY,A,3,OT,1
2021-04-13,210413_WSHPHI,PHI,A,1,,0
2021-04-14,210414_LAKVGK,VGK,A,6,,1
2021-04-14,210414_MINARI,ARI,A,2,,0
2021-04-14,210414_MTLCGY,CGY,A,4,,1
2021-04-14,210414_OTTWPG,WPG,A,3,,1
2021-04-14,210414_SJSANA,ANA,A,4,,1
2021-04-14,210414_STLCOL,COL,A,4,,1
2021-04-15,210415_BOSNYI,NYI,A,1,,0
2021-04-15,210415_CARNSH,NSH,A,1,,0
2021-04-15,210415_DALCBJ,CBJ,A,1,,0
2021-04-15,210415_DETCHI,CHI,A,1,,0
2021-04-15,210415_NYRNJD,NJD,A,0,,0
2021-04-15,210415_PITPHI,PHI,A,2,SO,1
2021-04-15,210415_TBLFLA,FLA,A,2,OT,0
2021-04-15,210415_TORWPG,WPG,A,5,,1
2021-04-15,210415_WSHBUF,BUF,A,5,,1
2021-04-16,210416_ANAVGK,VGK,A,4,,1
2021-04-16,210416_BOSNYI,NYI,A,0,,0
2021-04-16,210416_MINSJS,SJS,A,2,,0
2021-04-16,210416_MTLCGY,CGY,A,1,,0
2021-04-17,210417_ARISTL,STL,A,2,,0
2021-04-17,210417_BUFPIT,PIT,A,3,,1
2021-04-17,210417_CARNSH,NSH,A,1,,0
2021-04-17,210417_DALCBJ,CBJ,A,1,,0
2021-04-17,210417_DETCHI,CHI,A,4,,1
2021-04-17,210417_MINSJS,SJS,A,2,,0
2021-04-17,210417_MTLOTT,OTT,A,4,,1
2021-04-17,210417_NYRNJD,NJD,A,3,,0
2021-04-17,210417_PHIWSH,WSH,A,6,,1
2021-04-17,210417_TBLFLA,FLA,A,5,,1
2021-04-17,210417_WPGEDM,EDM,A,3,,1
2021-04-18,210418_ANAVGK,VGK,A,5,,1
2021-04-18,210418_BOSWSH,WSH,A,3,,0
2021-04-18,210418_BUFPIT,PIT,A,2,,0
2021-04-18,210418_NJDNYR,NYR,A,5,,1
2021-04-18,210418_PHINYI,NYI,A,1,OT,1
2021-04-18,210418_VANTOR,TOR,A,2,OT,0
2021-04-19,210419_ARIMIN,MIN,A,5,,1
2021-04-19,210419_CGYOTT,OTT,A,4,,1
2021-04-19,210419_DALDET,DET,A,2,SO,0
2021-04-19,210419_EDMMTL,MTL,A,1,,0
2021-04-19,210419_FLACBJ,CBJ,A,2,,0
2021-04-19,210419_NSHCHI,CHI,A,2,,0
2021-04-19,210419_TBLCAR,CAR,A,2,OT,0
2021-04-19,210419_VGKSJS,SJS,A,2,SO,0
2021-04-20,210420_BUFBOS,BOS,A,2,,1
2021-04-20,210420_DALDET,DET,A,2,,0
2021-04-20,210420_FLACBJ,CBJ,A,1,,0
2021-04-20,210420_LAKANA,ANA,A,1,,0
2021-04-20,210420_NYINYR,NYR,A,1,,0
2021-04-20,210420_PITNJD,NJD,A,6,,0
2021-04-20,210420_TBLCAR,CAR,A,4,,1
2021-04-20,210420_VANTOR,TOR,A,3,,0
2021-04-21,210421_ARIMIN,MIN,A,4,,1
2021-04-21,210421_CHINSH,NSH,A,4,OT,0
2021-04-21,210421_EDMMTL,MTL,A,4,,1
2021-04-21,210421_VGKSJS,SJS,A,2,,0
2021-04-22,210422_BUFBOS,BOS,A,5,,1
2021-04-22,210422_DETDAL,DAL,A,3,,0
2021-04-22,210422_FLACAR,CAR,A,4,,1
2021-04-22,210422_NYIWSH,WSH,A,1,SO,1
2021-04-22,210422_NYRPHI,PHI,A,3,,1
2021-04-22,210422_PITNJD,NJD,A,1,,0
2021-04-22,210422_STLCOL,COL,A,4,,1
2021-04-22,210422_TBLCBJ,CBJ,A,1,,0
2021-04-22,210422_VANOTT,OTT,A,3,,1
2021-04-22,210422_WPGTOR,TOR,A,5,,1
2021-04-23,210423_BUFBOS,BOS,A,4,,0
2021-04-23,210423_CGYMTL,MTL,A,2,,0
2021-04-23,210423_CHINSH,NSH,A,3,,1
2021-04-23,210423_LAKMIN,MIN,A,4,,1
2021-04-23,210423_NYRPHI,PHI,A,1,,0
2021-04-24,210424_ANAVGK,VGK,A,5,,1
2021-04-24,210424_CGYMTL,MTL,A,2,,0
2021-04-24,210424_DETDAL,DAL,A,2,OT,1
2021-04-24,210424_FLACAR,CAR,A,3,OT,0
2021-04-24,210424_LAKARI,ARI,A,4,,1
2021-04-24,210424_NYIWSH,WSH,A,6,,1
2021-04-24,210424_PITNJD,NJD,A,2,,0
2021-04-24,210424_SJSMIN,MIN,A,6,,1
2021-04-24,210424_STLCOL,COL,A,3,,0
2021-04-24,210424_VANOTT,OTT,A,2,,0
2021-04-24,210424_WPGTOR,TOR,A,4,,1
2021-04-25,210425_NYRBUF,BUF,A,3,,0
2021-04-25,210425_PHINJD,NJD,A,3,SO,0
2021-04-25,210425_PITBOS,BOS,A,0,,0
2021-04-25,210425_TBLCBJ,CBJ,A,3,OT,0
2021-04-26,210426_CGYMTL,MTL,A,2,,1
2021-04-26,210426_DALCAR,CAR,A,3,OT,0
2021-04-26,210426_LAKANA,ANA,A,1,,0
2021-04-26,210426_NSHFLA,FLA,A,1,,0
2021-04-26,210426_OTTVAN,VAN,A,1,,0
2021-04-26,210426_SJSARI,ARI,A,4,,0
2021-04-26,210426_STLCOL,COL,A,1,,0
2021-04-26,210426_WPGEDM,EDM,A,6,,1
2021-04-27,210427_CBJDET,DET,A,0,SO,0
2021-04-27,210427_CHITBL,TBL,A,7,,1
2021-04-27,210427_DALCAR,CAR,A,5,,1
2021-04-27,210427_NJDPHI,PHI,A,4,,0
2021-04-27,210427_NSHFLA,FLA,A,7,,1
2021-04-27,210427_NYRBUF,BUF,A,1,,0
2021-04-27,210427_PITBOS,BOS,A,3,,1
2021-04-27,210427_WSHNYI,NYI,A,0,,0
2021-04-28,210428_LAKANA,ANA,A,3,,1
2021-04-28,210428_MINSTL,STL,A,4,,1
2021-04-28,210428_MTLTOR,TOR,A,4,,1
2021-04-28,210428_OTTVAN,VAN,A,3,,0
2021-04-28,210428_SJSARI,ARI,A,2,,0
2021-04-28,210428_VGKCOL,COL,A,2,,0
2021-04-28,210428_WPGEDM,EDM,A,3,,1
2021-04-29,210429_BOSBUF,BUF,A,2,,0
2021-04-29,210429_CARDET,DET,A,1,,0
2021-04-29,210429_CHIFLA,FLA,A,4,OT,1
2021-04-29,210429_EDMCGY,CGY,A,3,,1
2021-04-29,210429_MINSTL,STL,A,5,OT,1
2021-04-29,210429_NJDPHI,PHI,A,3,,0
2021-04-29,210429_NYRNYI,NYI,A,4,,1
2021-04-29,210429_TBLDAL,DAL,A,0,,0
2021-04-29,210429_TORVAN,VAN,A,1,,0
2021-04-29,210429_WSHPIT,PIT,A,5,OT,1
2021-04-30,210430_ANALAK,LAK,A,2,,1
2021-04-30,210430_ARIVGK,VGK,A,0,,0
2021-04-30,210430_COLSJS,SJS,A,0,,0
2021-04-30,210430_MTLWPG,WPG,A,3,,0
2021-05-01,210501_ANALAK,LAK,A,2,,0
2021-05-01,210501_ARIVGK,VGK,A,3,OT,1
2021-05-01,210501_BOSBUF,BUF,A,2,,0
2021-05-01,210501_CARCBJ,CBJ,A,1,OT,0
2021-05-01,210501_CHIFLA,FLA,A,5,,1
2021-05-01,210501_COLSJS,SJS,A,3,,0
2021-05-01,210501_DETTBL,TBL,A,0,SO,0
2021-05-01,210501_EDMCGY,CGY,A,1,,0
2021-05-01,210501_MINSTL,STL,A,3,OT,0
2021-05-01,210501_MTLOTT,OTT,A,2,OT,0
2021-05-01,210501_NSHDAL,DAL,A,0,OT,0
2021-05-01,210501_NYINYR,NYR,A,0,,0
2021-05-01,210501_PHINJD,NJD,A,4,,1
2021-05-01,210501_TORVAN,VAN,A,1,,0
2021-05-01,210501_WSHPIT,PIT,A,3,,1
2021-05-02,210502_DETTBL,TBL,A,2,,1
2021-05-03,210503_ARILAK,LAK,A,3,,1
2021-05-03,210503_BUFNYI,NYI,A,2,,0
2021-05-03,210503_CARCHI,CHI,A,2,,0
2021-05-03,210503_CBJNSH,NSH,A,4,OT,1
2021-05-03,210503_FLADAL,DAL,A,4,OT,0
2021-05-03,210503_MINVGK,VGK,A,5,,0
2021-05-03,210503_MTLTOR,TOR,A,2,OT,0
2021-05-03,210503_NJDBOS,BOS,A,3,,1
2021-05-03,210503_NYRWSH,WSH,A,6,,1
2021-05-03,210503_OTTWPG,WPG,A,1,,0
2021-05-03,210503_PHIPIT,PIT,A,2,,0
2021-05-03,210503_SJSCOL,COL,A,5,OT,1
2021-05-03,210503_STLANA,ANA,A,1,,0
2021-05-03,210503_VANEDM,EDM,A,5,,1
2021-05-04,210504_BUFNYI,NYI,A,3,SO,0
2021-05-04,210504_CARCHI,CHI,A,3,,0
2021-05-04,210504_NJDBOS,BOS,A,3,OT,0
2021-05-04,210504_PHIPIT,PIT,A,7,,1
2021-05-04,210504_VANEDM,EDM,A,4,,1
2021-05-05,210505_ARILAK,LAK,A,4,,1
2021-05-05,210505_CBJNSH,NSH,A,2,,0
2021-05-05,210505_CGYWPG,WPG,A,4,,1
2021-05-05,210505_MINVGK,VGK,A,3,OT,1
2021-05-05,210505_NYRWSH,WSH,A,4,,1
2021-05-05,210505_OTTMTL,MTL,A,1,,0
2021-05-05,210505_SJSCOL,COL,A,2,,0
2021-05-05,210505_STLANA,ANA,A,3,SO,1
2021-05-05,210505_TBLDAL,DAL,A,2,,0
2021-05-06,210506_BOSNYR,NYR,A,0,,0
2021-05-06,210506_CARCHI,CHI,A,2,OT,1
2021-05-06,210506_EDMVAN,VAN,A,6,,1
2021-05-06,210506_NYINJD,NJD,A,2,,1
2021-05-06,210506_PITBUF,BUF,A,4,,0
2021-05-06,210506_TORMTL,MTL,A,2,,0
2021-05-07,210507_CBJDET,DET,A,5,,1
2021-05-07,210507_LAKCOL,COL,A,3,,1
2021-05-07,210507_MINANA,ANA,A,3,OT,0
2021-05-07,210507_SJSARI,ARI,A,5,,1
2021-05-07,210507_TBLDAL,DAL,A,5,,1
2021-05-07,210507_VGKSTL,STL,A,3,OT,0
2021-05-07,210507_WSHPHI,PHI,A,4,,1
2021-05-08,210508_BOSNYR,NYR,A,5,,1
2021-05-08,210508_CBJDET,DET,A,4,OT,0
2021-05-08,210508_EDMVAN,VAN,A,3,,0
2021-05-08,210508_FLATBL,TBL,A,1,,0
2021-05-08,210508_LAKCOL,COL,A,3,,1
2021-05-08,210508_MINANA,ANA,A,3,OT,0
2021-05-08,210508_NSHCAR,CAR,A,1,,0
2021-05-08,210508_NYINJD,NJD,A,1,,0
2021-05-08,210508_PITBUF,BUF,A,0,,0
2021-05-08,210508_SJSARI,ARI,A,5,OT,1
2021-05-08,210508_TORMTL,MTL,A,2,,0
2021-05-08,210508_VGKSTL,STL,A,1,,0
2021-05-08,210508_WPGOTT,OTT,A,4,,1
2021-05-08,210508_WSHPHI,PHI,A,1,OT,0
2021-05-09,210509_CGYOTT,OTT,A,1,,0
2021-05-09,210509_CHIDAL,DAL,A,2,,0
2021-05-10,210510_BOSNYI,NYI,A,2,OT,0
2021-05-10,210510_CHIDAL,DAL,A,5,OT,1
2021-05-10,210510_FLATBL,TBL,A,0,,0
2021-05-10,210510_LAKSTL,STL,A,2,OT,1
2021-05-10,210510_MTLEDM,EDM,A,4,OT,1
2021-05-10,210510_NSHCAR,CAR,A,0,,0
2021-05-10,210510_PHINJD,NJD,A,2,,0
2021-05-10,210510_VGKCOL,COL,A,2,,1
2021-05-10,210510_WPGVAN,VAN,A,3,,1
2021-05-11,210511_WPGVAN,VAN,A,0,,0
2021-05-11,210511_WSHBOS,BOS,A,1,,0
2021-05-12,210512_COLLAK,LAK,A,0,,0
2021-05-12,210512_MTLEDM,EDM,A,4,OT,1
2021-05-12,210512_OTTTOR,TOR,A,3,OT,0
2021-05-12,210512_SJSVGK,VGK,A,6,,1
2021-05-12,210512_STLMIN,MIN,A,0,,0
2021-05-13,210513_CGYVAN,VAN,A,1,,0
2021-05-13,210513_COLLAK,LAK,A,1,,0
2021-05-13,210513_STLMIN,MIN,A,3,,0
2021-05-14,210514_WPGTOR,TOR,A,2,,0
2021-05-15,210515_EDMVAN,VAN,A,4,,1
2021-05-16,210516_VANCGY,CGY,A,6,OT,1
2021-05-18,210518_VANCGY,CGY,A,2,,0
2021-05-19,210519_CGYVAN,VAN,A,2,,0
