player_id,name,home,away,date_recorded,time_recorded,date_game,odds
,tage thompson,BUF,NYR,2023-10-12,17:59:55,2023-10-12,120
,mika zibanejad,BUF,NYR,2023-10-12,17:59:55,2023-10-12,135
,chris kreider,BUF,NYR,2023-10-12,17:59:55,2023-10-12,145
,alex tuch,BUF,NYR,2023-10-12,17:59:55,2023-10-12,160
,artemi panarin,BUF,NYR,2023-10-12,17:59:55,2023-10-12,185
,jeff skinner,BUF,NYR,2023-10-12,17:59:55,2023-10-12,170
,dylan cozens,BUF,NYR,2023-10-12,17:59:55,2023-10-12,215
,victor olofsson,BUF,NYR,2023-10-12,17:59:55,2023-10-12,255
,filip chytil,BUF,NYR,2023-10-12,17:59:55,2023-10-12,250
,vincent trocheck,BUF,NYR,2023-10-12,17:59:55,2023-10-12,265
,blake wheeler,BUF,NYR,2023-10-12,17:59:55,2023-10-12,285
,kaapo kakko,BUF,NYR,2023-10-12,17:59:55,2023-10-12,285
,alexis lafreniere,BUF,NYR,2023-10-12,17:59:55,2023-10-12,310
,will cuylle,BUF,NYR,2023-10-12,17:59:55,2023-10-12,330
,jordan greenway,BUF,NYR,2023-10-12,17:59:55,2023-10-12,360
,casey mittelstadt,BUF,NYR,2023-10-12,17:59:55,2023-10-12,360
,zach benson,BUF,NYR,2023-10-12,17:59:55,2023-10-12,360
,rasmus dahlin,BUF,NYR,2023-10-12,17:59:55,2023-10-12,390
,john jason peterka,BUF,NYR,2023-10-12,17:59:55,2023-10-12,425
,adam fox,BUF,NYR,2023-10-12,17:59:55,2023-10-12,475
,nick bonino,BUF,NYR,2023-10-12,17:59:55,2023-10-12,475
,peyton krebs,BUF,NYR,2023-10-12,17:59:55,2023-10-12,500
,jimmy vesey,BUF,NYR,2023-10-12,17:59:55,2023-10-12,475
,kyle okposo,BUF,NYR,2023-10-12,17:59:55,2023-10-12,500
,barclay goodrow,BUF,NYR,2023-10-12,17:59:55,2023-10-12,550
,tyler pitlick,BUF,NYR,2023-10-12,17:59:55,2023-10-12,600
,kandre miller,BUF,NYR,2023-10-12,17:59:55,2023-10-12,600
,erik gustafsson,BUF,NYR,2023-10-12,17:59:55,2023-10-12,600
,tyson jost,BUF,NYR,2023-10-12,17:59:55,2023-10-12,600
,jacob trouba,BUF,NYR,2023-10-12,17:59:55,2023-10-12,700
,zemgus girgensons,BUF,NYR,2023-10-12,17:59:55,2023-10-12,650
,owen power,BUF,NYR,2023-10-12,17:59:55,2023-10-12,650
,mattias samuelsson,BUF,NYR,2023-10-12,17:59:55,2023-10-12,850
,zac jones,BUF,NYR,2023-10-12,17:59:55,2023-10-12,950
,braden schneider,BUF,NYR,2023-10-12,17:59:55,2023-10-12,1200
,henri jokiharju,BUF,NYR,2023-10-12,17:59:55,2023-10-12,1100
,erik johnson,BUF,NYR,2023-10-12,17:59:55,2023-10-12,1100
,connor clifton,BUF,NYR,2023-10-12,17:59:55,2023-10-12,1300
,jacob bryson,BUF,NYR,2023-10-12,17:59:55,2023-10-12,1600
,ryan lindgren,BUF,NYR,2023-10-12,17:59:55,2023-10-12,2200
,jack hughes,NJD,DET,2023-10-12,17:59:55,2023-10-12,100
,timo meier,NJD,DET,2023-10-12,17:59:55,2023-10-12,110
,jesper bratt,NJD,DET,2023-10-12,17:59:55,2023-10-12,165
,nico hischier,NJD,DET,2023-10-12,17:59:55,2023-10-12,165
,tyler toffoli,NJD,DET,2023-10-12,17:59:55,2023-10-12,165
,dawson mercer,NJD,DET,2023-10-12,17:59:55,2023-10-12,200
,alex debrincat,NJD,DET,2023-10-12,17:59:55,2023-10-12,210
,dylan larkin,NJD,DET,2023-10-12,17:59:55,2023-10-12,220
,ondrej palat,NJD,DET,2023-10-12,17:59:55,2023-10-12,265
,dougie hamilton,NJD,DET,2023-10-12,17:59:55,2023-10-12,285
,david perron,NJD,DET,2023-10-12,17:59:55,2023-10-12,280
,alexander holtz,NJD,DET,2023-10-12,17:59:55,2023-10-12,310
,lucas raymond,NJD,DET,2023-10-12,17:59:55,2023-10-12,350
,daniel sprong,NJD,DET,2023-10-12,17:59:55,2023-10-12,400
,jt compher,NJD,DET,2023-10-12,17:59:55,2023-10-12,400
,erik haula,NJD,DET,2023-10-12,17:59:55,2023-10-12,400
,chris tierney,NJD,DET,2023-10-12,17:59:55,2023-10-12,400
,robby fabbri,NJD,DET,2023-10-12,17:59:55,2023-10-12,425
,michael rasmussen,NJD,DET,2023-10-12,17:59:55,2023-10-12,450
,michael mcleod,NJD,DET,2023-10-12,17:59:55,2023-10-12,550
,andrew copp,NJD,DET,2023-10-12,17:59:55,2023-10-12,500
,curtis lazar,NJD,DET,2023-10-12,17:59:55,2023-10-12,550
,tomas nosek,NJD,DET,2023-10-12,17:59:55,2023-10-12,550
,joe veleno,NJD,DET,2023-10-12,17:59:55,2023-10-12,550
,nathan bastian,NJD,DET,2023-10-12,17:59:55,2023-10-12,550
,luke hughes,NJD,DET,2023-10-12,17:59:55,2023-10-12,550
,christian fischer,NJD,DET,2023-10-12,17:59:55,2023-10-12,600
,jake walman,NJD,DET,2023-10-12,17:59:55,2023-10-12,650
,klim kostin,NJD,DET,2023-10-12,17:59:55,2023-10-12,650
,shayne gostisbehere,NJD,DET,2023-10-12,17:59:55,2023-10-12,650
,moritz seider,NJD,DET,2023-10-12,17:59:55,2023-10-12,800
,colin miller,NJD,DET,2023-10-12,17:59:55,2023-10-12,850
,zach aston reese,NJD,DET,2023-10-12,17:59:55,2023-10-12,800
,john marino,NJD,DET,2023-10-12,17:59:55,2023-10-12,1100
,jeff petry,NJD,DET,2023-10-12,17:59:55,2023-10-12,1100
,ben chiarot,NJD,DET,2023-10-12,17:59:55,2023-10-12,1300
,kevin bahl,NJD,DET,2023-10-12,17:59:55,2023-10-12,1400
,jonas siegenthaler,NJD,DET,2023-10-12,17:59:55,2023-10-12,1400
,brendan smith,NJD,DET,2023-10-12,17:59:55,2023-10-12,1900
,olli maatta,NJD,DET,2023-10-12,17:59:55,2023-10-12,2000
,justin holl,NJD,DET,2023-10-12,17:59:55,2023-10-12,2800
,patrik laine,CBJ,PHI,2023-10-12,17:59:55,2023-10-12,140
,travis konecny,CBJ,PHI,2023-10-12,17:59:55,2023-10-12,150
,johnny gaudreau,CBJ,PHI,2023-10-12,17:59:55,2023-10-12,165
,sean couturier,CBJ,PHI,2023-10-12,17:59:55,2023-10-12,190
,owen tippett,CBJ,PHI,2023-10-12,17:59:55,2023-10-12,190
,boone jenner,CBJ,PHI,2023-10-12,17:59:55,2023-10-12,175
,kirill marchenko,CBJ,PHI,2023-10-12,17:59:55,2023-10-12,215
,cole sillinger,CBJ,PHI,2023-10-12,17:59:55,2023-10-12,255
,joel farabee,CBJ,PHI,2023-10-12,17:59:55,2023-10-12,245
,cam atkinson,CBJ,PHI,2023-10-12,17:59:55,2023-10-12,260
,morgan frost,CBJ,PHI,2023-10-12,17:59:55,2023-10-12,275
,bobby brink,CBJ,PHI,2023-10-12,17:59:55,2023-10-12,295
,alexandre texier,CBJ,PHI,2023-10-12,17:59:55,2023-10-12,295
,scott laughton,CBJ,PHI,2023-10-12,17:59:55,2023-10-12,320
,adam fantilli,CBJ,PHI,2023-10-12,17:59:55,2023-10-12,320
,jack roslovic,CBJ,PHI,2023-10-12,17:59:55,2023-10-12,340
,emil bemstrom,CBJ,PHI,2023-10-12,17:59:55,2023-10-12,340
,noah cates,CBJ,PHI,2023-10-12,17:59:55,2023-10-12,340
,kent johnson,CBJ,PHI,2023-10-12,17:59:55,2023-10-12,340
,tyson foerster,CBJ,PHI,2023-10-12,17:59:55,2023-10-12,370
,zach werenski,CBJ,PHI,2023-10-12,17:59:55,2023-10-12,400
,liam foudy,CBJ,PHI,2023-10-12,17:59:55,2023-10-12,475
,sean kuraly,CBJ,PHI,2023-10-12,17:59:55,2023-10-12,550
,eric robinson,CBJ,PHI,2023-10-12,17:59:55,2023-10-12,475
,ryan poehling,CBJ,PHI,2023-10-12,17:59:55,2023-10-12,550
,justin danforth,CBJ,PHI,2023-10-12,17:59:55,2023-10-12,475
,garnet hathaway,CBJ,PHI,2023-10-12,17:59:55,2023-10-12,550
,adam boqvist,CBJ,PHI,2023-10-12,17:59:55,2023-10-12,600
,cameron york,CBJ,PHI,2023-10-12,17:59:55,2023-10-12,600
,andrew peeke,CBJ,PHI,2023-10-12,17:59:55,2023-10-12,700
,nicolas deslauriers,CBJ,PHI,2023-10-12,17:59:55,2023-10-12,650
,damon severson,CBJ,PHI,2023-10-12,17:59:55,2023-10-12,700
,travis sanheim,CBJ,PHI,2023-10-12,17:59:55,2023-10-12,750
,emil andrae,CBJ,PHI,2023-10-12,17:59:55,2023-10-12,750
,ivan provorov,CBJ,PHI,2023-10-12,17:59:55,2023-10-12,800
,egor zamula,CBJ,PHI,2023-10-12,17:59:55,2023-10-12,1100
,jake bean,CBJ,PHI,2023-10-12,17:59:55,2023-10-12,950
,rasmus ristolainen,CBJ,PHI,2023-10-12,17:59:55,2023-10-12,1300
,nick seeler,CBJ,PHI,2023-10-12,17:59:55,2023-10-12,1300
,marc staal,CBJ,PHI,2023-10-12,17:59:55,2023-10-12,1700
,sean walker,CBJ,PHI,2023-10-12,17:59:55,2023-10-12,1700
,erik gudbranson,CBJ,PHI,2023-10-12,17:59:55,2023-10-12,2200
,jason robertson,DAL,STL,2023-10-12,17:59:55,2023-10-12,100
,jordan kyrou,DAL,STL,2023-10-12,17:59:55,2023-10-12,175
,joe pavelski,DAL,STL,2023-10-12,17:59:55,2023-10-12,195
,jamie benn,DAL,STL,2023-10-12,17:59:55,2023-10-12,210
,wyatt johnston,DAL,STL,2023-10-12,17:59:55,2023-10-12,220
,tyler seguin,DAL,STL,2023-10-12,17:59:55,2023-10-12,235
,pavel buchnevich,DAL,STL,2023-10-12,17:59:55,2023-10-12,220
,matt duchene,DAL,STL,2023-10-12,17:59:55,2023-10-12,255
,evgenii dadonov,DAL,STL,2023-10-12,17:59:55,2023-10-12,275
,mason marchment,DAL,STL,2023-10-12,17:59:55,2023-10-12,295
,jakub vrana,DAL,STL,2023-10-12,17:59:55,2023-10-12,310
,robert thomas,DAL,STL,2023-10-12,17:59:55,2023-10-12,350
,brandon saad,DAL,STL,2023-10-12,17:59:55,2023-10-12,330
,kevin hayes,DAL,STL,2023-10-12,17:59:55,2023-10-12,330
,brayden schenn,DAL,STL,2023-10-12,17:59:55,2023-10-12,380
,ty dellandrea,DAL,STL,2023-10-12,17:59:55,2023-10-12,425
,kasperi kapanen,DAL,STL,2023-10-12,17:59:55,2023-10-12,400
,craig smith,DAL,STL,2023-10-12,17:59:55,2023-10-12,425
,miro heiskanen,DAL,STL,2023-10-12,17:59:55,2023-10-12,425
,sam steel,DAL,STL,2023-10-12,17:59:55,2023-10-12,475
,sammy blais,DAL,STL,2023-10-12,17:59:55,2023-10-12,500
,jake neighbours,DAL,STL,2023-10-12,17:59:55,2023-10-12,500
,radek faksa,DAL,STL,2023-10-12,17:59:55,2023-10-12,550
,nils lundkvist,DAL,STL,2023-10-12,17:59:55,2023-10-12,600
,alexei toropchenko,DAL,STL,2023-10-12,17:59:55,2023-10-12,550
,oskar sundqvist,DAL,STL,2023-10-12,17:59:55,2023-10-12,550
,torey krug,DAL,STL,2023-10-12,17:59:55,2023-10-12,700
,justin faulk,DAL,STL,2023-10-12,17:59:55,2023-10-12,700
,nikita alexandrov,DAL,STL,2023-10-12,17:59:55,2023-10-12,700
,calle rosen,DAL,STL,2023-10-12,17:59:55,2023-10-12,600
,thomas harley,DAL,STL,2023-10-12,17:59:55,2023-10-12,700
,ryan suter,DAL,STL,2023-10-12,17:59:55,2023-10-12,850
,esa lindell,DAL,STL,2023-10-12,17:59:55,2023-10-12,700
,scott perunovich,DAL,STL,2023-10-12,17:59:55,2023-10-12,900
,colton parayko,DAL,STL,2023-10-12,17:59:55,2023-10-12,1000
,jani hakanpaa,DAL,STL,2023-10-12,17:59:55,2023-10-12,1100
,joel hanley,DAL,STL,2023-10-12,17:59:55,2023-10-12,1400
,robert bortuzzo,DAL,STL,2023-10-12,17:59:55,2023-10-12,1500
,marco scandella,DAL,STL,2023-10-12,17:59:55,2023-10-12,1500
,nick leddy,DAL,STL,2023-10-12,17:59:55,2023-10-12,1900
,jared mccann,NSH,SEA,2023-10-12,17:59:55,2023-10-12,140
,filip forsberg,NSH,SEA,2023-10-12,17:59:55,2023-10-12,165
,ryan oreilly,NSH,SEA,2023-10-12,17:59:55,2023-10-12,245
,jaden schwartz,NSH,SEA,2023-10-12,17:59:55,2023-10-12,250
,matty beniers,NSH,SEA,2023-10-12,17:59:55,2023-10-12,235
,thomas novak,NSH,SEA,2023-10-12,17:59:55,2023-10-12,245
,gustav nyquist,NSH,SEA,2023-10-12,17:59:55,2023-10-12,275
,cody glass,NSH,SEA,2023-10-12,17:59:55,2023-10-12,275
,andre burakovsky,NSH,SEA,2023-10-12,17:59:55,2023-10-12,265
,roman josi,NSH,SEA,2023-10-12,17:59:55,2023-10-12,275
,luke evangelista,NSH,SEA,2023-10-12,17:59:55,2023-10-12,275
,jordan eberle,NSH,SEA,2023-10-12,17:59:55,2023-10-12,285
,eeli tolvanen,NSH,SEA,2023-10-12,17:59:55,2023-10-12,300
,oliver bjorkstrand,NSH,SEA,2023-10-12,17:59:55,2023-10-12,300
,juuso parssinen,NSH,SEA,2023-10-12,17:59:55,2023-10-12,295
,kiefer sherwood,NSH,SEA,2023-10-12,17:59:55,2023-10-12,360
,philip tomasino,NSH,SEA,2023-10-12,17:59:55,2023-10-12,390
,colton sissons,NSH,SEA,2023-10-12,17:59:55,2023-10-12,390
,samuel fagemo,NSH,SEA,2023-10-12,17:59:55,2023-10-12,390
,yanni gourde,NSH,SEA,2023-10-12,17:59:55,2023-10-12,400
,yakov trenin,NSH,SEA,2023-10-12,17:59:55,2023-10-12,425
,alex wennberg,NSH,SEA,2023-10-12,17:59:55,2023-10-12,450
,tye kartye,NSH,SEA,2023-10-12,17:59:55,2023-10-12,450
,brandon tanev,NSH,SEA,2023-10-12,17:59:55,2023-10-12,475
,kailer yamamoto,NSH,SEA,2023-10-12,17:59:55,2023-10-12,475
,vince dunn,NSH,SEA,2023-10-12,17:59:55,2023-10-12,475
,cole smith,NSH,SEA,2023-10-12,17:59:55,2023-10-12,600
,tyson barrie,NSH,SEA,2023-10-12,17:59:55,2023-10-12,600
,michael mccarron,NSH,SEA,2023-10-12,17:59:55,2023-10-12,550
,justin schultz,NSH,SEA,2023-10-12,17:59:55,2023-10-12,750
,adam larsson,NSH,SEA,2023-10-12,17:59:55,2023-10-12,750
,jamie oleksiak,NSH,SEA,2023-10-12,17:59:55,2023-10-12,750
,pierre edouard bellemare,NSH,SEA,2023-10-12,17:59:55,2023-10-12,750
,ryan mcdonagh,NSH,SEA,2023-10-12,17:59:55,2023-10-12,1100
,alexandre carrier,NSH,SEA,2023-10-12,17:59:55,2023-10-12,1300
,jeremy lauzon,NSH,SEA,2023-10-12,17:59:55,2023-10-12,1300
,dante fabbro,NSH,SEA,2023-10-12,17:59:55,2023-10-12,1300
,luke schenn,NSH,SEA,2023-10-12,17:59:55,2023-10-12,1300
,will borgen,NSH,SEA,2023-10-12,17:59:55,2023-10-12,1700
,jaycob megna,NSH,SEA,2023-10-12,17:59:55,2023-10-12,1700
,brian dumoulin,NSH,SEA,2023-10-12,17:59:55,2023-10-12,2500
,kirill kaprizov,MIN,FLA,2023-10-12,17:59:55,2023-10-12,-105
,matthew tkachuk,MIN,FLA,2023-10-12,17:59:55,2023-10-12,135
,matthew boldy,MIN,FLA,2023-10-12,17:59:55,2023-10-12,165
,carter verhaeghe,MIN,FLA,2023-10-12,17:59:55,2023-10-12,155
,sam reinhart,MIN,FLA,2023-10-12,17:59:55,2023-10-12,215
,aleksander barkov,MIN,FLA,2023-10-12,17:59:55,2023-10-12,215
,mats zuccarello,MIN,FLA,2023-10-12,17:59:55,2023-10-12,210
,joel eriksson ek,MIN,FLA,2023-10-12,17:59:55,2023-10-12,225
,ryan hartman,MIN,FLA,2023-10-12,17:59:55,2023-10-12,250
,marcus johansson,MIN,FLA,2023-10-12,17:59:55,2023-10-12,270
,sam bennett,MIN,FLA,2023-10-12,17:59:55,2023-10-12,285
,frederick gaudreau,MIN,FLA,2023-10-12,17:59:55,2023-10-12,290
,evan rodrigues,MIN,FLA,2023-10-12,17:59:55,2023-10-12,285
,marco rossi,MIN,FLA,2023-10-12,17:59:55,2023-10-12,330
,mackie samoskevich,MIN,FLA,2023-10-12,17:59:55,2023-10-12,330
,anton lundell,MIN,FLA,2023-10-12,17:59:55,2023-10-12,350
,eetu luostarinen,MIN,FLA,2023-10-12,17:59:55,2023-10-12,350
,marcus foligno,MIN,FLA,2023-10-12,17:59:55,2023-10-12,400
,nick cousins,MIN,FLA,2023-10-12,17:59:55,2023-10-12,400
,brandon duhaime,MIN,FLA,2023-10-12,17:59:55,2023-10-12,425
,gustav forsling,MIN,FLA,2023-10-12,17:59:55,2023-10-12,550
,ryan lomberg,MIN,FLA,2023-10-12,17:59:55,2023-10-12,600
,steven lorentz,MIN,FLA,2023-10-12,17:59:55,2023-10-12,600
,connor dewar,MIN,FLA,2023-10-12,17:59:55,2023-10-12,600
,calen addison,MIN,FLA,2023-10-12,17:59:55,2023-10-12,600
,pat maroon,MIN,FLA,2023-10-12,17:59:55,2023-10-12,600
,kevin stenlund,MIN,FLA,2023-10-12,17:59:55,2023-10-12,600
,oliver ekman larsson,MIN,FLA,2023-10-12,17:59:55,2023-10-12,650
,alex goligoski,MIN,FLA,2023-10-12,17:59:55,2023-10-12,800
,brock faber,MIN,FLA,2023-10-12,17:59:55,2023-10-12,800
,jonas brodin,MIN,FLA,2023-10-12,17:59:55,2023-10-12,950
,mike reilly,MIN,FLA,2023-10-12,17:59:55,2023-10-12,900
,uvis balinskis,MIN,FLA,2023-10-12,17:59:55,2023-10-12,1100
,jacob middleton,MIN,FLA,2023-10-12,17:59:55,2023-10-12,1200
,josh mahura,MIN,FLA,2023-10-12,17:59:55,2023-10-12,1700
,dmitry kulikov,MIN,FLA,2023-10-12,17:59:55,2023-10-12,1700
,jon merrill,MIN,FLA,2023-10-12,17:59:55,2023-10-12,2200
,niko mikkola,MIN,FLA,2023-10-12,17:59:55,2023-10-12,2500
,jack eichel,SJS,VGK,2023-10-12,17:59:55,2023-10-12,115
,jonathan marchessault,SJS,VGK,2023-10-12,17:59:55,2023-10-12,125
,mark stone,SJS,VGK,2023-10-12,17:59:55,2023-10-12,140
,tomas hertl,SJS,VGK,2023-10-12,17:59:55,2023-10-12,200
,ivan barbashev,SJS,VGK,2023-10-12,17:59:55,2023-10-12,220
,mike hoffman,SJS,VGK,2023-10-12,17:59:55,2023-10-12,225
,chandler stephenson,SJS,VGK,2023-10-12,17:59:55,2023-10-12,255
,william karlsson,SJS,VGK,2023-10-12,17:59:55,2023-10-12,275
,luke kunin,SJS,VGK,2023-10-12,17:59:55,2023-10-12,295
,alexander barabanov,SJS,VGK,2023-10-12,17:59:55,2023-10-12,295
,michael amadio,SJS,VGK,2023-10-12,17:59:55,2023-10-12,295
,brett howden,SJS,VGK,2023-10-12,17:59:55,2023-10-12,295
,william eklund,SJS,VGK,2023-10-12,17:59:55,2023-10-12,310
,anthony duclair,SJS,VGK,2023-10-12,17:59:55,2023-10-12,330
,nicolas roy,SJS,VGK,2023-10-12,17:59:55,2023-10-12,330
,filip zadina,SJS,VGK,2023-10-12,17:59:55,2023-10-12,310
,paul cotter,SJS,VGK,2023-10-12,17:59:55,2023-10-12,425
,william carrier,SJS,VGK,2023-10-12,17:59:55,2023-10-12,425
,alex pietrangelo,SJS,VGK,2023-10-12,17:59:55,2023-10-12,425
,thomas bordeleau,SJS,VGK,2023-10-12,17:59:55,2023-10-12,400
,shea theodore,SJS,VGK,2023-10-12,17:59:55,2023-10-12,425
,pavel dorofeyev,SJS,VGK,2023-10-12,17:59:55,2023-10-12,425
,mikael granlund,SJS,VGK,2023-10-12,17:59:55,2023-10-12,475
,kevin labanc,SJS,VGK,2023-10-12,17:59:55,2023-10-12,475
,fabian zetterlund,SJS,VGK,2023-10-12,17:59:55,2023-10-12,500
,nico sturm,SJS,VGK,2023-10-12,17:59:55,2023-10-12,550
,keegan kolesar,SJS,VGK,2023-10-12,17:59:55,2023-10-12,550
,givani smith,SJS,VGK,2023-10-12,17:59:55,2023-10-12,750
,mario ferraro,SJS,VGK,2023-10-12,17:59:55,2023-10-12,1000
,ben hutton,SJS,VGK,2023-10-12,17:59:55,2023-10-12,1100
,kaedan korczak,SJS,VGK,2023-10-12,17:59:55,2023-10-12,1100
,brayden pachal,SJS,VGK,2023-10-12,17:59:55,2023-10-12,1100
,nicolas hague,SJS,VGK,2023-10-12,17:59:55,2023-10-12,1400
,nikolai knyzhov,SJS,VGK,2023-10-12,17:59:55,2023-10-12,1200
,kyle burroughs,SJS,VGK,2023-10-12,17:59:55,2023-10-12,1200
,jan rutta,SJS,VGK,2023-10-12,17:59:55,2023-10-12,1500
,brayden mcnabb,SJS,VGK,2023-10-12,17:59:55,2023-10-12,2000
,marc edouard vlasic,SJS,VGK,2023-10-12,17:59:55,2023-10-12,2800
,matt benning,SJS,VGK,2023-10-12,17:59:55,2023-10-12,2800
,jack hughes,NJD,ARI,2023-10-13,13:14:50,2023-10-13,-105
,timo meier,NJD,ARI,2023-10-13,13:14:50,2023-10-13,110
,clayton keller,NJD,ARI,2023-10-13,13:14:50,2023-10-13,165
,nico hischier,NJD,ARI,2023-10-13,13:14:50,2023-10-13,165
,jesper bratt,NJD,ARI,2023-10-13,13:14:50,2023-10-13,165
,tyler toffoli,NJD,ARI,2023-10-13,13:14:50,2023-10-13,165
,dawson mercer,NJD,ARI,2023-10-13,13:14:50,2023-10-13,195
,nick schmaltz,NJD,ARI,2023-10-13,13:14:50,2023-10-13,200
,ondrej palat,NJD,ARI,2023-10-13,13:14:50,2023-10-13,260
,dougie hamilton,NJD,ARI,2023-10-13,13:14:50,2023-10-13,280
,alexander holtz,NJD,ARI,2023-10-13,13:14:50,2023-10-13,310
,barrett hayton,NJD,ARI,2023-10-13,13:14:50,2023-10-13,295
,jason zucker,NJD,ARI,2023-10-13,13:14:50,2023-10-13,310
,logan cooley,NJD,ARI,2023-10-13,13:14:50,2023-10-13,350
,lawson crouse,NJD,ARI,2023-10-13,13:14:50,2023-10-13,350
,chris tierney,NJD,ARI,2023-10-13,13:14:50,2023-10-13,400
,erik haula,NJD,ARI,2023-10-13,13:14:50,2023-10-13,400
,matias maccelli,NJD,ARI,2023-10-13,13:14:50,2023-10-13,450
,luke hughes,NJD,ARI,2023-10-13,13:14:50,2023-10-13,500
,michael mcleod,NJD,ARI,2023-10-13,13:14:50,2023-10-13,500
,alexander kerfoot,NJD,ARI,2023-10-13,13:14:50,2023-10-13,475
,nathan bastian,NJD,ARI,2023-10-13,13:14:50,2023-10-13,500
,tomas nosek,NJD,ARI,2023-10-13,13:14:50,2023-10-13,500
,curtis lazar,NJD,ARI,2023-10-13,13:14:50,2023-10-13,500
,jack mcbain,NJD,ARI,2023-10-13,13:14:50,2023-10-13,500
,travis boyd,NJD,ARI,2023-10-13,13:14:50,2023-10-13,550
,liam obrien,NJD,ARI,2023-10-13,13:14:50,2023-10-13,600
,michael carcone,NJD,ARI,2023-10-13,13:14:50,2023-10-13,600
,nick bjugstad,NJD,ARI,2023-10-13,13:14:50,2023-10-13,600
,colin miller,NJD,ARI,2023-10-13,13:14:50,2023-10-13,850
,janis moser,NJD,ARI,2023-10-13,13:14:50,2023-10-13,700
,sean durzi,NJD,ARI,2023-10-13,13:14:50,2023-10-13,750
,john marino,NJD,ARI,2023-10-13,13:14:50,2023-10-13,1100
,juuso valimaki,NJD,ARI,2023-10-13,13:14:50,2023-10-13,1000
,matt dumba,NJD,ARI,2023-10-13,13:14:50,2023-10-13,1000
,jonas siegenthaler,NJD,ARI,2023-10-13,13:14:50,2023-10-13,1300
,kevin bahl,NJD,ARI,2023-10-13,13:14:50,2023-10-13,1300
,troy stecher,NJD,ARI,2023-10-13,13:14:50,2023-10-13,1200
,josh brown,NJD,ARI,2023-10-13,13:14:50,2023-10-13,1500
,travis dermott,NJD,ARI,2023-10-13,13:14:50,2023-10-13,1500
,brendan smith,NJD,ARI,2023-10-13,13:14:50,2023-10-13,1900
,alex ovechkin,WSH,PIT,2023-10-13,13:14:50,2023-10-13,105
,jake guentzel,WSH,PIT,2023-10-13,13:14:50,2023-10-13,130
,sidney crosby,WSH,PIT,2023-10-13,13:14:50,2023-10-13,165
,tom wilson,WSH,PIT,2023-10-13,13:14:50,2023-10-13,215
,rickard rakell,WSH,PIT,2023-10-13,13:14:50,2023-10-13,210
,evgeni malkin,WSH,PIT,2023-10-13,13:14:50,2023-10-13,210
,tj oshie,WSH,PIT,2023-10-13,13:14:50,2023-10-13,240
,erik karlsson,WSH,PIT,2023-10-13,13:14:50,2023-10-13,265
,bryan rust,WSH,PIT,2023-10-13,13:14:50,2023-10-13,265
,reilly smith,WSH,PIT,2023-10-13,13:14:50,2023-10-13,245
,evgeny kuznetsov,WSH,PIT,2023-10-13,13:14:50,2023-10-13,290
,dylan strome,WSH,PIT,2023-10-13,13:14:50,2023-10-13,290
,sonny milano,WSH,PIT,2023-10-13,13:14:50,2023-10-13,330
,anthony mantha,WSH,PIT,2023-10-13,13:14:50,2023-10-13,360
,nicklas backstrom,WSH,PIT,2023-10-13,13:14:50,2023-10-13,360
,connor mcmichael,WSH,PIT,2023-10-13,13:14:50,2023-10-13,360
,jeff carter,WSH,PIT,2023-10-13,13:14:50,2023-10-13,380
,john carlson,WSH,PIT,2023-10-13,13:14:50,2023-10-13,390
,jansen harkins,WSH,PIT,2023-10-13,13:14:50,2023-10-13,400
,kris letang,WSH,PIT,2023-10-13,13:14:50,2023-10-13,400
,aliaksei protas,WSH,PIT,2023-10-13,13:14:50,2023-10-13,425
,nicolas aube kubel,WSH,PIT,2023-10-13,13:14:50,2023-10-13,450
,drew oconnor,WSH,PIT,2023-10-13,13:14:50,2023-10-13,500
,lars eller,WSH,PIT,2023-10-13,13:14:50,2023-10-13,550
,noel acciari,WSH,PIT,2023-10-13,13:14:50,2023-10-13,550
,matthew phillips,WSH,PIT,2023-10-13,13:14:50,2023-10-13,500
,matt nieto,WSH,PIT,2023-10-13,13:14:50,2023-10-13,500
,beck malenstyn,WSH,PIT,2023-10-13,13:14:50,2023-10-13,500
,rasmus sandin,WSH,PIT,2023-10-13,13:14:50,2023-10-13,600
,nic dowd,WSH,PIT,2023-10-13,13:14:50,2023-10-13,600
,vinnie hinostroza,WSH,PIT,2023-10-13,13:14:50,2023-10-13,650
,martin fehervary,WSH,PIT,2023-10-13,13:14:50,2023-10-13,750
,trevor van riemsdyk,WSH,PIT,2023-10-13,13:14:50,2023-10-13,850
,ryan graves,WSH,PIT,2023-10-13,13:14:50,2023-10-13,850
,pierre olivier joseph,WSH,PIT,2023-10-13,13:14:50,2023-10-13,1000
,alexander alexeyev,WSH,PIT,2023-10-13,13:14:50,2023-10-13,1300
,nick jensen,WSH,PIT,2023-10-13,13:14:50,2023-10-13,1300
,mark friedman,WSH,PIT,2023-10-13,13:14:50,2023-10-13,1200
,chad ruhwedel,WSH,PIT,2023-10-13,13:14:50,2023-10-13,2200
,marcus pettersson,WSH,PIT,2023-10-13,13:14:50,2023-10-13,2200
,kyle connor,WPG,FLA,2023-10-14,14:40:48,2023-10-14,125
,mark scheifele,WPG,FLA,2023-10-14,14:40:48,2023-10-14,140
,matthew tkachuk,WPG,FLA,2023-10-14,14:40:48,2023-10-14,135
,carter verhaeghe,WPG,FLA,2023-10-14,14:40:48,2023-10-14,150
,aleksander barkov,WPG,FLA,2023-10-14,14:40:48,2023-10-14,210
,nikolaj ehlers,WPG,FLA,2023-10-14,14:40:48,2023-10-14,200
,gabriel vilardi,WPG,FLA,2023-10-14,14:40:48,2023-10-14,200
,sam reinhart,WPG,FLA,2023-10-14,14:40:48,2023-10-14,210
,nino niederreiter,WPG,FLA,2023-10-14,14:40:48,2023-10-14,240
,evan rodrigues,WPG,FLA,2023-10-14,14:40:48,2023-10-14,280
,cole perfetti,WPG,FLA,2023-10-14,14:40:48,2023-10-14,290
,alex iafallo,WPG,FLA,2023-10-14,14:40:48,2023-10-14,310
,anton lundell,WPG,FLA,2023-10-14,14:40:48,2023-10-14,340
,eetu luostarinen,WPG,FLA,2023-10-14,14:40:48,2023-10-14,340
,nick cousins,WPG,FLA,2023-10-14,14:40:48,2023-10-14,400
,josh morrissey,WPG,FLA,2023-10-14,14:40:48,2023-10-14,400
,adam lowry,WPG,FLA,2023-10-14,14:40:48,2023-10-14,450
,gustav forsling,WPG,FLA,2023-10-14,14:40:48,2023-10-14,550
,rasmus kupari,WPG,FLA,2023-10-14,14:40:48,2023-10-14,550
,mason appleton,WPG,FLA,2023-10-14,14:40:48,2023-10-14,475
,david gustafsson,WPG,FLA,2023-10-14,14:40:48,2023-10-14,550
,vladislav namestnikov,WPG,FLA,2023-10-14,14:40:48,2023-10-14,475
,morgan barron,WPG,FLA,2023-10-14,14:40:48,2023-10-14,600
,ryan lomberg,WPG,FLA,2023-10-14,14:40:48,2023-10-14,600
,kevin stenlund,WPG,FLA,2023-10-14,14:40:48,2023-10-14,600
,neal pionk,WPG,FLA,2023-10-14,14:40:48,2023-10-14,600
,steven lorentz,WPG,FLA,2023-10-14,14:40:48,2023-10-14,600
,nate schmidt,WPG,FLA,2023-10-14,14:40:48,2023-10-14,700
,oliver ekman larsson,WPG,FLA,2023-10-14,14:40:48,2023-10-14,650
,dylan demelo,WPG,FLA,2023-10-14,14:40:48,2023-10-14,800
,mike reilly,WPG,FLA,2023-10-14,14:40:48,2023-10-14,900
,declan chisholm,WPG,FLA,2023-10-14,14:40:48,2023-10-14,1200
,dylan samberg,WPG,FLA,2023-10-14,14:40:48,2023-10-14,1200
,logan stanley,WPG,FLA,2023-10-14,14:40:48,2023-10-14,1200
,uvis balinskis,WPG,FLA,2023-10-14,14:40:48,2023-10-14,1100
,brenden dillon,WPG,FLA,2023-10-14,14:40:48,2023-10-14,1600
,dmitry kulikov,WPG,FLA,2023-10-14,14:40:48,2023-10-14,1700
,josh mahura,WPG,FLA,2023-10-14,14:40:48,2023-10-14,1700
,niko mikkola,WPG,FLA,2023-10-14,14:40:48,2023-10-14,2500
,david pastrnak,BOS,NSH,2023-10-14,14:40:48,2023-10-14,-110
,jake debrusk,BOS,NSH,2023-10-14,14:40:48,2023-10-14,200
,filip forsberg,BOS,NSH,2023-10-14,14:40:48,2023-10-14,220
,brad marchand,BOS,NSH,2023-10-14,14:40:48,2023-10-14,200
,pavel zacha,BOS,NSH,2023-10-14,14:40:48,2023-10-14,215
,james van riemsdyk,BOS,NSH,2023-10-14,14:40:48,2023-10-14,240
,charlie coyle,BOS,NSH,2023-10-14,14:40:48,2023-10-14,250
,thomas novak,BOS,NSH,2023-10-14,14:40:48,2023-10-14,310
,ryan oreilly,BOS,NSH,2023-10-14,14:40:48,2023-10-14,310
,trent frederic,BOS,NSH,2023-10-14,14:40:48,2023-10-14,320
,cody glass,BOS,NSH,2023-10-14,14:40:48,2023-10-14,350
,roman josi,BOS,NSH,2023-10-14,14:40:48,2023-10-14,350
,luke evangelista,BOS,NSH,2023-10-14,14:40:48,2023-10-14,350
,matthew poitras,BOS,NSH,2023-10-14,14:40:48,2023-10-14,370
,gustav nyquist,BOS,NSH,2023-10-14,14:40:48,2023-10-14,350
,juuso parssinen,BOS,NSH,2023-10-14,14:40:48,2023-10-14,370
,morgan geekie,BOS,NSH,2023-10-14,14:40:48,2023-10-14,400
,kiefer sherwood,BOS,NSH,2023-10-14,14:40:48,2023-10-14,450
,samuel fagemo,BOS,NSH,2023-10-14,14:40:48,2023-10-14,475
,philip tomasino,BOS,NSH,2023-10-14,14:40:48,2023-10-14,475
,charlie mcavoy,BOS,NSH,2023-10-14,14:40:48,2023-10-14,475
,john beecher,BOS,NSH,2023-10-14,14:40:48,2023-10-14,475
,colton sissons,BOS,NSH,2023-10-14,14:40:48,2023-10-14,475
,danton heinen,BOS,NSH,2023-10-14,14:40:48,2023-10-14,550
,jakub lauko,BOS,NSH,2023-10-14,14:40:48,2023-10-14,550
,milan lucic,BOS,NSH,2023-10-14,14:40:48,2023-10-14,550
,hampus lindholm,BOS,NSH,2023-10-14,14:40:48,2023-10-14,600
,yakov trenin,BOS,NSH,2023-10-14,14:40:48,2023-10-14,550
,michael mccarron,BOS,NSH,2023-10-14,14:40:48,2023-10-14,650
,tyson barrie,BOS,NSH,2023-10-14,14:40:48,2023-10-14,700
,cole smith,BOS,NSH,2023-10-14,14:40:48,2023-10-14,700
,kevin shattenkirk,BOS,NSH,2023-10-14,14:40:48,2023-10-14,700
,derek forbort,BOS,NSH,2023-10-14,14:40:48,2023-10-14,1000
,matt grzelcyk,BOS,NSH,2023-10-14,14:40:48,2023-10-14,1000
,ryan mcdonagh,BOS,NSH,2023-10-14,14:40:48,2023-10-14,1300
,brandon carlo,BOS,NSH,2023-10-14,14:40:48,2023-10-14,1200
,mason lohrei,BOS,NSH,2023-10-14,14:40:48,2023-10-14,1200
,ian mitchell,BOS,NSH,2023-10-14,14:40:48,2023-10-14,1200
,alexandre carrier,BOS,NSH,2023-10-14,14:40:48,2023-10-14,1500
,luke schenn,BOS,NSH,2023-10-14,14:40:48,2023-10-14,1500
,dante fabbro,BOS,NSH,2023-10-14,14:40:48,2023-10-14,1500
,jeremy lauzon,BOS,NSH,2023-10-14,14:40:48,2023-10-14,1500
,cole caufield,MTL,CHI,2023-10-14,14:40:48,2023-10-14,105
,connor bedard,MTL,CHI,2023-10-14,14:40:48,2023-10-14,125
,nick suzuki,MTL,CHI,2023-10-14,14:40:48,2023-10-14,175
,josh anderson,MTL,CHI,2023-10-14,14:40:48,2023-10-14,175
,taylor raddysh,MTL,CHI,2023-10-14,14:40:48,2023-10-14,225
,lukas reichel,MTL,CHI,2023-10-14,14:40:48,2023-10-14,260
,rafael harvey pinard,MTL,CHI,2023-10-14,14:40:48,2023-10-14,290
,ryan donato,MTL,CHI,2023-10-14,14:40:48,2023-10-14,275
,andreas athanasiou,MTL,CHI,2023-10-14,14:40:48,2023-10-14,275
,sean monahan,MTL,CHI,2023-10-14,14:40:48,2023-10-14,290
,alex newhook,MTL,CHI,2023-10-14,14:40:48,2023-10-14,290
,brendan gallagher,MTL,CHI,2023-10-14,14:40:48,2023-10-14,250
,kirby dach,MTL,CHI,2023-10-14,14:40:48,2023-10-14,250
,tyler johnson,MTL,CHI,2023-10-14,14:40:48,2023-10-14,330
,philipp kurashev,MTL,CHI,2023-10-14,14:40:48,2023-10-14,350
,cole guttman,MTL,CHI,2023-10-14,14:40:48,2023-10-14,350
,juraj slafkovsky,MTL,CHI,2023-10-14,14:40:48,2023-10-14,350
,tanner pearson,MTL,CHI,2023-10-14,14:40:48,2023-10-14,400
,boris katchouk,MTL,CHI,2023-10-14,14:40:48,2023-10-14,425
,corey perry,MTL,CHI,2023-10-14,14:40:48,2023-10-14,425
,mike matheson,MTL,CHI,2023-10-14,14:40:48,2023-10-14,400
,jason dickinson,MTL,CHI,2023-10-14,14:40:48,2023-10-14,450
,jesse ylonen,MTL,CHI,2023-10-14,14:40:48,2023-10-14,425
,michael pezzetta,MTL,CHI,2023-10-14,14:40:48,2023-10-14,475
,mackenzie entwistle,MTL,CHI,2023-10-14,14:40:48,2023-10-14,550
,seth jones,MTL,CHI,2023-10-14,14:40:48,2023-10-14,550
,nick foligno,MTL,CHI,2023-10-14,14:40:48,2023-10-14,550
,jake evans,MTL,CHI,2023-10-14,14:40:48,2023-10-14,600
,kaiden guhle,MTL,CHI,2023-10-14,14:40:48,2023-10-14,700
,arber xhekaj,MTL,CHI,2023-10-14,14:40:48,2023-10-14,700
,reese johnson,MTL,CHI,2023-10-14,14:40:48,2023-10-14,700
,connor murphy,MTL,CHI,2023-10-14,14:40:48,2023-10-14,700
,justin barron,MTL,CHI,2023-10-14,14:40:48,2023-10-14,800
,kevin korchinski,MTL,CHI,2023-10-14,14:40:48,2023-10-14,800
,jordan harris,MTL,CHI,2023-10-14,14:40:48,2023-10-14,900
,david savard,MTL,CHI,2023-10-14,14:40:48,2023-10-14,900
,alex vlasic,MTL,CHI,2023-10-14,14:40:48,2023-10-14,1200
,nikita zaitsev,MTL,CHI,2023-10-14,14:40:48,2023-10-14,1200
,wyatt kaiser,MTL,CHI,2023-10-14,14:40:48,2023-10-14,1200
,johnathan kovacevic,MTL,CHI,2023-10-14,14:40:48,2023-10-14,1400
,jarred tinordi,MTL,CHI,2023-10-14,14:40:48,2023-10-14,1600
,auston matthews,TOR,MIN,2023-10-14,14:40:48,2023-10-14,-110
,william nylander,TOR,MIN,2023-10-14,14:40:48,2023-10-14,140
,kirill kaprizov,TOR,MIN,2023-10-14,14:40:48,2023-10-14,120
,john tavares,TOR,MIN,2023-10-14,14:40:48,2023-10-14,150
,matthew boldy,TOR,MIN,2023-10-14,14:40:48,2023-10-14,200
,mitchell marner,TOR,MIN,2023-10-14,14:40:48,2023-10-14,180
,tyler bertuzzi,TOR,MIN,2023-10-14,14:40:48,2023-10-14,240
,mats zuccarello,TOR,MIN,2023-10-14,14:40:48,2023-10-14,260
,calle jarnkrok,TOR,MIN,2023-10-14,14:40:48,2023-10-14,270
,max domi,TOR,MIN,2023-10-14,14:40:48,2023-10-14,270
,joel eriksson ek,TOR,MIN,2023-10-14,14:40:48,2023-10-14,280
,ryan hartman,TOR,MIN,2023-10-14,14:40:48,2023-10-14,300
,matthew knies,TOR,MIN,2023-10-14,14:40:48,2023-10-14,320
,marcus johansson,TOR,MIN,2023-10-14,14:40:48,2023-10-14,330
,fraser minten,TOR,MIN,2023-10-14,14:40:48,2023-10-14,350
,frederick gaudreau,TOR,MIN,2023-10-14,14:40:48,2023-10-14,350
,nicholas robertson,TOR,MIN,2023-10-14,14:40:48,2023-10-14,380
,pontus holmberg,TOR,MIN,2023-10-14,14:40:48,2023-10-14,400
,marco rossi,TOR,MIN,2023-10-14,14:40:48,2023-10-14,400
,noah gregor,TOR,MIN,2023-10-14,14:40:48,2023-10-14,450
,john klingberg,TOR,MIN,2023-10-14,14:40:48,2023-10-14,450
,david kampf,TOR,MIN,2023-10-14,14:40:48,2023-10-14,600
,marcus foligno,TOR,MIN,2023-10-14,14:40:48,2023-10-14,475
,brandon duhaime,TOR,MIN,2023-10-14,14:40:48,2023-10-14,500
,morgan rielly,TOR,MIN,2023-10-14,14:40:48,2023-10-14,650
,ryan reaves,TOR,MIN,2023-10-14,14:40:48,2023-10-14,650
,pat maroon,TOR,MIN,2023-10-14,14:40:48,2023-10-14,750
,timothy liljegren,TOR,MIN,2023-10-14,14:40:48,2023-10-14,750
,connor dewar,TOR,MIN,2023-10-14,14:40:48,2023-10-14,750
,calen addison,TOR,MIN,2023-10-14,14:40:48,2023-10-14,750
,alex goligoski,TOR,MIN,2023-10-14,14:40:48,2023-10-14,900
,brock faber,TOR,MIN,2023-10-14,14:40:48,2023-10-14,900
,tj brodie,TOR,MIN,2023-10-14,14:40:48,2023-10-14,1100
,jonas brodin,TOR,MIN,2023-10-14,14:40:48,2023-10-14,1100
,jake mccabe,TOR,MIN,2023-10-14,14:40:48,2023-10-14,1100
,mark giordano,TOR,MIN,2023-10-14,14:40:48,2023-10-14,1100
,jacob middleton,TOR,MIN,2023-10-14,14:40:48,2023-10-14,1400
,jon merrill,TOR,MIN,2023-10-14,14:40:48,2023-10-14,2500
,brayden point,DET,TBL,2023-10-14,14:40:48,2023-10-14,110
,alex debrincat,DET,TBL,2023-10-14,14:40:48,2023-10-14,150
,steven stamkos,DET,TBL,2023-10-14,14:40:48,2023-10-14,150
,dylan larkin,DET,TBL,2023-10-14,14:40:48,2023-10-14,160
,nikita kucherov,DET,TBL,2023-10-14,14:40:48,2023-10-14,150
,david perron,DET,TBL,2023-10-14,14:40:48,2023-10-14,200
,brandon hagel,DET,TBL,2023-10-14,14:40:48,2023-10-14,220
,nicholas paul,DET,TBL,2023-10-14,14:40:48,2023-10-14,250
,lucas raymond,DET,TBL,2023-10-14,14:40:48,2023-10-14,280
,anthony cirelli,DET,TBL,2023-10-14,14:40:48,2023-10-14,280
,conor sheary,DET,TBL,2023-10-14,14:40:48,2023-10-14,280
,daniel sprong,DET,TBL,2023-10-14,14:40:48,2023-10-14,300
,jt compher,DET,TBL,2023-10-14,14:40:48,2023-10-14,300
,mikey eyssimont,DET,TBL,2023-10-14,14:40:48,2023-10-14,330
,robby fabbri,DET,TBL,2023-10-14,14:40:48,2023-10-14,330
,tanner jeannot,DET,TBL,2023-10-14,14:40:48,2023-10-14,360
,michael rasmussen,DET,TBL,2023-10-14,14:40:48,2023-10-14,350
,alex barre boulet,DET,TBL,2023-10-14,14:40:48,2023-10-14,400
,waltteri merela,DET,TBL,2023-10-14,14:40:48,2023-10-14,400
,andrew copp,DET,TBL,2023-10-14,14:40:48,2023-10-14,380
,joe veleno,DET,TBL,2023-10-14,14:40:48,2023-10-14,425
,klim kostin,DET,TBL,2023-10-14,14:40:48,2023-10-14,500
,tyler motte,DET,TBL,2023-10-14,14:40:48,2023-10-14,475
,shayne gostisbehere,DET,TBL,2023-10-14,14:40:48,2023-10-14,500
,victor hedman,DET,TBL,2023-10-14,14:40:48,2023-10-14,475
,christian fischer,DET,TBL,2023-10-14,14:40:48,2023-10-14,450
,jake walman,DET,TBL,2023-10-14,14:40:48,2023-10-14,500
,mikhail sergachev,DET,TBL,2023-10-14,14:40:48,2023-10-14,475
,austin watson,DET,TBL,2023-10-14,14:40:48,2023-10-14,600
,moritz seider,DET,TBL,2023-10-14,14:40:48,2023-10-14,650
,luke glendening,DET,TBL,2023-10-14,14:40:48,2023-10-14,700
,jeff petry,DET,TBL,2023-10-14,14:40:48,2023-10-14,850
,nick perbix,DET,TBL,2023-10-14,14:40:48,2023-10-14,900
,ben chiarot,DET,TBL,2023-10-14,14:40:48,2023-10-14,1000
,erik cernak,DET,TBL,2023-10-14,14:40:48,2023-10-14,1200
,darren raddysh,DET,TBL,2023-10-14,14:40:48,2023-10-14,1200
,haydn fleury,DET,TBL,2023-10-14,14:40:48,2023-10-14,1200
,calvin de haan,DET,TBL,2023-10-14,14:40:48,2023-10-14,1500
,olli maatta,DET,TBL,2023-10-14,14:40:48,2023-10-14,1600
,justin holl,DET,TBL,2023-10-14,14:40:48,2023-10-14,2200
,zach bogosian,DET,TBL,2023-10-14,14:40:48,2023-10-14,2200
,mika zibanejad,CBJ,NYR,2023-10-14,14:40:48,2023-10-14,125
,chris kreider,CBJ,NYR,2023-10-14,14:40:48,2023-10-14,135
,patrik laine,CBJ,NYR,2023-10-14,14:40:48,2023-10-14,170
,artemi panarin,CBJ,NYR,2023-10-14,14:40:48,2023-10-14,175
,johnny gaudreau,CBJ,NYR,2023-10-14,14:40:48,2023-10-14,210
,boone jenner,CBJ,NYR,2023-10-14,14:40:48,2023-10-14,220
,vincent trocheck,CBJ,NYR,2023-10-14,14:40:48,2023-10-14,245
,filip chytil,CBJ,NYR,2023-10-14,14:40:48,2023-10-14,225
,blake wheeler,CBJ,NYR,2023-10-14,14:40:48,2023-10-14,270
,kaapo kakko,CBJ,NYR,2023-10-14,14:40:48,2023-10-14,250
,alexis lafreniere,CBJ,NYR,2023-10-14,14:40:48,2023-10-14,280
,kirill marchenko,CBJ,NYR,2023-10-14,14:40:48,2023-10-14,270
,will cuylle,CBJ,NYR,2023-10-14,14:40:48,2023-10-14,295
,cole sillinger,CBJ,NYR,2023-10-14,14:40:48,2023-10-14,310
,adam fantilli,CBJ,NYR,2023-10-14,14:40:48,2023-10-14,370
,kent johnson,CBJ,NYR,2023-10-14,14:40:48,2023-10-14,360
,alexandre texier,CBJ,NYR,2023-10-14,14:40:48,2023-10-14,360
,adam fox,CBJ,NYR,2023-10-14,14:40:48,2023-10-14,450
,nick bonino,CBJ,NYR,2023-10-14,14:40:48,2023-10-14,450
,jack roslovic,CBJ,NYR,2023-10-14,14:40:48,2023-10-14,425
,emil bemstrom,CBJ,NYR,2023-10-14,14:40:48,2023-10-14,425
,jimmy vesey,CBJ,NYR,2023-10-14,14:40:48,2023-10-14,450
,erik gustafsson,CBJ,NYR,2023-10-14,14:40:48,2023-10-14,550
,barclay goodrow,CBJ,NYR,2023-10-14,14:40:48,2023-10-14,500
,kandre miller,CBJ,NYR,2023-10-14,14:40:48,2023-10-14,550
,tyler pitlick,CBJ,NYR,2023-10-14,14:40:48,2023-10-14,550
,justin danforth,CBJ,NYR,2023-10-14,14:40:48,2023-10-14,600
,eric robinson,CBJ,NYR,2023-10-14,14:40:48,2023-10-14,600
,liam foudy,CBJ,NYR,2023-10-14,14:40:48,2023-10-14,600
,jacob trouba,CBJ,NYR,2023-10-14,14:40:48,2023-10-14,700
,sean kuraly,CBJ,NYR,2023-10-14,14:40:48,2023-10-14,650
,david jiricek,CBJ,NYR,2023-10-14,14:40:48,2023-10-14,650
,andrew peeke,CBJ,NYR,2023-10-14,14:40:48,2023-10-14,900
,zac jones,CBJ,NYR,2023-10-14,14:40:48,2023-10-14,900
,adam boqvist,CBJ,NYR,2023-10-14,14:40:48,2023-10-14,800
,damon severson,CBJ,NYR,2023-10-14,14:40:48,2023-10-14,900
,ivan provorov,CBJ,NYR,2023-10-14,14:40:48,2023-10-14,1000
,jake bean,CBJ,NYR,2023-10-14,14:40:48,2023-10-14,1200
,braden schneider,CBJ,NYR,2023-10-14,14:40:48,2023-10-14,1100
,ryan lindgren,CBJ,NYR,2023-10-14,14:40:48,2023-10-14,2000
,erik gudbranson,CBJ,NYR,2023-10-14,14:40:48,2023-10-14,2500
,jake guentzel,PIT,CGY,2023-10-14,14:40:48,2023-10-14,125
,sidney crosby,PIT,CGY,2023-10-14,14:40:48,2023-10-14,160
,elias lindholm,PIT,CGY,2023-10-14,14:40:48,2023-10-14,175
,rickard rakell,PIT,CGY,2023-10-14,14:40:48,2023-10-14,200
,evgeni malkin,PIT,CGY,2023-10-14,14:40:48,2023-10-14,200
,nazem kadri,PIT,CGY,2023-10-14,14:40:48,2023-10-14,220
,bryan rust,PIT,CGY,2023-10-14,14:40:48,2023-10-14,250
,erik karlsson,PIT,CGY,2023-10-14,14:40:48,2023-10-14,250
,jonathan huberdeau,PIT,CGY,2023-10-14,14:40:48,2023-10-14,250
,reilly smith,PIT,CGY,2023-10-14,14:40:48,2023-10-14,250
,dillon dube,PIT,CGY,2023-10-14,14:40:48,2023-10-14,280
,andrew mangiapane,PIT,CGY,2023-10-14,14:40:48,2023-10-14,260
,yegor sharangovich,PIT,CGY,2023-10-14,14:40:48,2023-10-14,300
,mikael backlund,PIT,CGY,2023-10-14,14:40:48,2023-10-14,300
,matt coronato,PIT,CGY,2023-10-14,14:40:48,2023-10-14,320
,adam ruzicka,PIT,CGY,2023-10-14,14:40:48,2023-10-14,320
,blake coleman,PIT,CGY,2023-10-14,14:40:48,2023-10-14,380
,jeff carter,PIT,CGY,2023-10-14,14:40:48,2023-10-14,380
,jansen harkins,PIT,CGY,2023-10-14,14:40:48,2023-10-14,400
,kris letang,PIT,CGY,2023-10-14,14:40:48,2023-10-14,400
,rasmus andersson,PIT,CGY,2023-10-14,14:40:48,2023-10-14,550
,matt nieto,PIT,CGY,2023-10-14,14:40:48,2023-10-14,500
,walker duehr,PIT,CGY,2023-10-14,14:40:48,2023-10-14,500
,dryden hunt,PIT,CGY,2023-10-14,14:40:48,2023-10-14,550
,aj greer,PIT,CGY,2023-10-14,14:40:48,2023-10-14,500
,lars eller,PIT,CGY,2023-10-14,14:40:48,2023-10-14,550
,drew oconnor,PIT,CGY,2023-10-14,14:40:48,2023-10-14,500
,noel acciari,PIT,CGY,2023-10-14,14:40:48,2023-10-14,550
,noah hanifin,PIT,CGY,2023-10-14,14:40:48,2023-10-14,650
,nikita zadorov,PIT,CGY,2023-10-14,14:40:48,2023-10-14,650
,mackenzie weegar,PIT,CGY,2023-10-14,14:40:48,2023-10-14,700
,ryan graves,PIT,CGY,2023-10-14,14:40:48,2023-10-14,850
,pierre olivier joseph,PIT,CGY,2023-10-14,14:40:48,2023-10-14,1000
,jordan oesterle,PIT,CGY,2023-10-14,14:40:48,2023-10-14,1000
,christopher tanev,PIT,CGY,2023-10-14,14:40:48,2023-10-14,1200
,mark friedman,PIT,CGY,2023-10-14,14:40:48,2023-10-14,1200
,dennis gilbert,PIT,CGY,2023-10-14,14:40:48,2023-10-14,1200
,marcus pettersson,PIT,CGY,2023-10-14,14:40:48,2023-10-14,2200
,chad ruhwedel,PIT,CGY,2023-10-14,14:40:48,2023-10-14,2200
,tage thompson,NYI,BUF,2023-10-14,14:40:48,2023-10-14,130
,brock nelson,NYI,BUF,2023-10-14,14:40:48,2023-10-14,140
,bo horvat,NYI,BUF,2023-10-14,14:40:48,2023-10-14,150
,alex tuch,NYI,BUF,2023-10-14,14:40:48,2023-10-14,175
,jeff skinner,NYI,BUF,2023-10-14,14:40:48,2023-10-14,185
,anders lee,NYI,BUF,2023-10-14,14:40:48,2023-10-14,175
,kyle palmieri,NYI,BUF,2023-10-14,14:40:48,2023-10-14,225
,mathew barzal,NYI,BUF,2023-10-14,14:40:48,2023-10-14,225
,dylan cozens,NYI,BUF,2023-10-14,14:40:48,2023-10-14,240
,victor olofsson,NYI,BUF,2023-10-14,14:40:48,2023-10-14,275
,oliver wahlstrom,NYI,BUF,2023-10-14,14:40:48,2023-10-14,300
,pierre engvall,NYI,BUF,2023-10-14,14:40:48,2023-10-14,300
,jean gabriel pageau,NYI,BUF,2023-10-14,14:40:48,2023-10-14,320
,jordan greenway,NYI,BUF,2023-10-14,14:40:48,2023-10-14,390
,zach benson,NYI,BUF,2023-10-14,14:40:48,2023-10-14,390
,casey mittelstadt,NYI,BUF,2023-10-14,14:40:48,2023-10-14,390
,hudson fasching,NYI,BUF,2023-10-14,14:40:48,2023-10-14,350
,noah dobson,NYI,BUF,2023-10-14,14:40:48,2023-10-14,400
,rasmus dahlin,NYI,BUF,2023-10-14,14:40:48,2023-10-14,425
,john jason peterka,NYI,BUF,2023-10-14,14:40:48,2023-10-14,450
,simon holmstrom,NYI,BUF,2023-10-14,14:40:48,2023-10-14,475
,kyle okposo,NYI,BUF,2023-10-14,14:40:48,2023-10-14,550
,cal clutterbuck,NYI,BUF,2023-10-14,14:40:48,2023-10-14,550
,peyton krebs,NYI,BUF,2023-10-14,14:40:48,2023-10-14,550
,tyson jost,NYI,BUF,2023-10-14,14:40:48,2023-10-14,600
,samuel bolduc,NYI,BUF,2023-10-14,14:40:48,2023-10-14,700
,matt martin,NYI,BUF,2023-10-14,14:40:48,2023-10-14,700
,ryan pulock,NYI,BUF,2023-10-14,14:40:48,2023-10-14,700
,zemgus girgensons,NYI,BUF,2023-10-14,14:40:48,2023-10-14,700
,adam pelech,NYI,BUF,2023-10-14,14:40:48,2023-10-14,700
,owen power,NYI,BUF,2023-10-14,14:40:48,2023-10-14,700
,casey cizikas,NYI,BUF,2023-10-14,14:40:48,2023-10-14,700
,mattias samuelsson,NYI,BUF,2023-10-14,14:40:48,2023-10-14,900
,sebastian aho (nyi),NYI,BUF,2023-10-14,14:40:48,2023-10-14,900
,scott mayfield,NYI,BUF,2023-10-14,14:40:48,2023-10-14,900
,henri jokiharju,NYI,BUF,2023-10-14,14:40:48,2023-10-14,1100
,erik johnson,NYI,BUF,2023-10-14,14:40:48,2023-10-14,1100
,connor clifton,NYI,BUF,2023-10-14,14:40:48,2023-10-14,1200
,alexander romanov,NYI,BUF,2023-10-14,14:40:48,2023-10-14,1400
,jacob bryson,NYI,BUF,2023-10-14,14:40:48,2023-10-14,1600
,jordan kyrou,STL,SEA,2023-10-14,14:40:48,2023-10-14,130
,jared mccann,STL,SEA,2023-10-14,14:40:48,2023-10-14,130
,pavel buchnevich,STL,SEA,2023-10-14,14:40:48,2023-10-14,170
,matty beniers,STL,SEA,2023-10-14,14:40:48,2023-10-14,230
,jaden schwartz,STL,SEA,2023-10-14,14:40:48,2023-10-14,230
,jakub vrana,STL,SEA,2023-10-14,14:40:48,2023-10-14,250
,brandon saad,STL,SEA,2023-10-14,14:40:48,2023-10-14,260
,andre burakovsky,STL,SEA,2023-10-14,14:40:48,2023-10-14,250
,kevin hayes,STL,SEA,2023-10-14,14:40:48,2023-10-14,260
,robert thomas,STL,SEA,2023-10-14,14:40:48,2023-10-14,280
,jordan eberle,STL,SEA,2023-10-14,14:40:48,2023-10-14,280
,oliver bjorkstrand,STL,SEA,2023-10-14,14:40:48,2023-10-14,300
,eeli tolvanen,STL,SEA,2023-10-14,14:40:48,2023-10-14,300
,brayden schenn,STL,SEA,2023-10-14,14:40:48,2023-10-14,300
,kasperi kapanen,STL,SEA,2023-10-14,14:40:48,2023-10-14,320
,yanni gourde,STL,SEA,2023-10-14,14:40:48,2023-10-14,400
,jake neighbours,STL,SEA,2023-10-14,14:40:48,2023-10-14,400
,sammy blais,STL,SEA,2023-10-14,14:40:48,2023-10-14,400
,vince dunn,STL,SEA,2023-10-14,14:40:48,2023-10-14,450
,alex wennberg,STL,SEA,2023-10-14,14:40:48,2023-10-14,425
,brandon tanev,STL,SEA,2023-10-14,14:40:48,2023-10-14,450
,oskar sundqvist,STL,SEA,2023-10-14,14:40:48,2023-10-14,450
,kailer yamamoto,STL,SEA,2023-10-14,14:40:48,2023-10-14,450
,alexei toropchenko,STL,SEA,2023-10-14,14:40:48,2023-10-14,450
,tye kartye,STL,SEA,2023-10-14,14:40:48,2023-10-14,425
,justin faulk,STL,SEA,2023-10-14,14:40:48,2023-10-14,550
,nikita alexandrov,STL,SEA,2023-10-14,14:40:48,2023-10-14,550
,torey krug,STL,SEA,2023-10-14,14:40:48,2023-10-14,550
,justin schultz,STL,SEA,2023-10-14,14:40:48,2023-10-14,750
,scott perunovich,STL,SEA,2023-10-14,14:40:48,2023-10-14,700
,adam larsson,STL,SEA,2023-10-14,14:40:48,2023-10-14,750
,jamie oleksiak,STL,SEA,2023-10-14,14:40:48,2023-10-14,750
,pierre edouard bellemare,STL,SEA,2023-10-14,14:40:48,2023-10-14,750
,colton parayko,STL,SEA,2023-10-14,14:40:48,2023-10-14,850
,robert bortuzzo,STL,SEA,2023-10-14,14:40:48,2023-10-14,1200
,marco scandella,STL,SEA,2023-10-14,14:40:48,2023-10-14,1200
,jaycob megna,STL,SEA,2023-10-14,14:40:48,2023-10-14,1600
,will borgen,STL,SEA,2023-10-14,14:40:48,2023-10-14,1600
,nick leddy,STL,SEA,2023-10-14,14:40:48,2023-10-14,1600
,brian dumoulin,STL,SEA,2023-10-14,14:40:48,2023-10-14,2500
,mikko rantanen,SJS,COL,2023-10-14,14:40:48,2023-10-14,-140
,nathan mackinnon,SJS,COL,2023-10-14,14:40:48,2023-10-14,-125
,valeri nichushkin,SJS,COL,2023-10-14,14:40:48,2023-10-14,185
,artturi lehkonen,SJS,COL,2023-10-14,14:40:48,2023-10-14,195
,ryan johansen,SJS,COL,2023-10-14,14:40:48,2023-10-14,240
,cale makar,SJS,COL,2023-10-14,14:40:48,2023-10-14,225
,tomas hertl,SJS,COL,2023-10-14,14:40:48,2023-10-14,215
,mike hoffman,SJS,COL,2023-10-14,14:40:48,2023-10-14,245
,jonathan drouin,SJS,COL,2023-10-14,14:40:48,2023-10-14,280
,tomas tatar,SJS,COL,2023-10-14,14:40:48,2023-10-14,280
,luke kunin,SJS,COL,2023-10-14,14:40:48,2023-10-14,320
,alexander barabanov,SJS,COL,2023-10-14,14:40:48,2023-10-14,320
,bowen byram,SJS,COL,2023-10-14,14:40:48,2023-10-14,330
,ross colton,SJS,COL,2023-10-14,14:40:48,2023-10-14,330
,miles wood,SJS,COL,2023-10-14,14:40:48,2023-10-14,330
,william eklund,SJS,COL,2023-10-14,14:40:48,2023-10-14,330
,filip zadina,SJS,COL,2023-10-14,14:40:48,2023-10-14,330
,anthony duclair,SJS,COL,2023-10-14,14:40:48,2023-10-14,350
,thomas bordeleau,SJS,COL,2023-10-14,14:40:48,2023-10-14,425
,fredrik olofsson,SJS,COL,2023-10-14,14:40:48,2023-10-14,450
,andrew cogliano,SJS,COL,2023-10-14,14:40:48,2023-10-14,450
,logan oconnor,SJS,COL,2023-10-14,14:40:48,2023-10-14,500
,kevin labanc,SJS,COL,2023-10-14,14:40:48,2023-10-14,500
,ben meyers,SJS,COL,2023-10-14,14:40:48,2023-10-14,500
,fabian zetterlund,SJS,COL,2023-10-14,14:40:48,2023-10-14,550
,kurtis macdermid,SJS,COL,2023-10-14,14:40:48,2023-10-14,600
,nico sturm,SJS,COL,2023-10-14,14:40:48,2023-10-14,600
,devon toews,SJS,COL,2023-10-14,14:40:48,2023-10-14,600
,samuel girard,SJS,COL,2023-10-14,14:40:48,2023-10-14,700
,josh manson,SJS,COL,2023-10-14,14:40:48,2023-10-14,850
,givani smith,SJS,COL,2023-10-14,14:40:48,2023-10-14,800
,mario ferraro,SJS,COL,2023-10-14,14:40:48,2023-10-14,1100
,kyle burroughs,SJS,COL,2023-10-14,14:40:48,2023-10-14,1300
,nikolai knyzhov,SJS,COL,2023-10-14,14:40:48,2023-10-14,1300
,jack johnson,SJS,COL,2023-10-14,14:40:48,2023-10-14,1300
,jan rutta,SJS,COL,2023-10-14,14:40:48,2023-10-14,1600
,marc edouard vlasic,SJS,COL,2023-10-14,14:40:48,2023-10-14,2800
,matt benning,SJS,COL,2023-10-14,14:40:48,2023-10-14,2800
,jack eichel,VGK,ANA,2023-10-14,14:40:48,2023-10-14,105
,jonathan marchessault,VGK,ANA,2023-10-14,14:40:48,2023-10-14,115
,mark stone,VGK,ANA,2023-10-14,14:40:48,2023-10-14,125
,ivan barbashev,VGK,ANA,2023-10-14,14:40:48,2023-10-14,205
,troy terry,VGK,ANA,2023-10-14,14:40:48,2023-10-14,235
,chandler stephenson,VGK,ANA,2023-10-14,14:40:48,2023-10-14,235
,william karlsson,VGK,ANA,2023-10-14,14:40:48,2023-10-14,250
,trevor zegras,VGK,ANA,2023-10-14,14:40:48,2023-10-14,255
,michael amadio,VGK,ANA,2023-10-14,14:40:48,2023-10-14,275
,alex killorn,VGK,ANA,2023-10-14,14:40:48,2023-10-14,280
,brett howden,VGK,ANA,2023-10-14,14:40:48,2023-10-14,275
,adam henrique,VGK,ANA,2023-10-14,14:40:48,2023-10-14,310
,nicolas roy,VGK,ANA,2023-10-14,14:40:48,2023-10-14,295
,frank vatrano,VGK,ANA,2023-10-14,14:40:48,2023-10-14,340
,mason mctavish,VGK,ANA,2023-10-14,14:40:48,2023-10-14,340
,shea theodore,VGK,ANA,2023-10-14,14:40:48,2023-10-14,400
,william carrier,VGK,ANA,2023-10-14,14:40:48,2023-10-14,400
,alex pietrangelo,VGK,ANA,2023-10-14,14:40:48,2023-10-14,400
,ryan strome,VGK,ANA,2023-10-14,14:40:48,2023-10-14,390
,paul cotter,VGK,ANA,2023-10-14,14:40:48,2023-10-14,400
,pavel dorofeyev,VGK,ANA,2023-10-14,14:40:48,2023-10-14,400
,max jones,VGK,ANA,2023-10-14,14:40:48,2023-10-14,550
,jakob silfverberg,VGK,ANA,2023-10-14,14:40:48,2023-10-14,550
,keegan kolesar,VGK,ANA,2023-10-14,14:40:48,2023-10-14,500
,cam fowler,VGK,ANA,2023-10-14,14:40:48,2023-10-14,650
,brett leason,VGK,ANA,2023-10-14,14:40:48,2023-10-14,900
,andrew agozzino,VGK,ANA,2023-10-14,14:40:48,2023-10-14,650
,sam carrick,VGK,ANA,2023-10-14,14:40:48,2023-10-14,700
,pavol regenda,VGK,ANA,2023-10-14,14:40:48,2023-10-14,700
,brock mcginn,VGK,ANA,2023-10-14,14:40:48,2023-10-14,800
,brayden pachal,VGK,ANA,2023-10-14,14:40:48,2023-10-14,1000
,kaedan korczak,VGK,ANA,2023-10-14,14:40:48,2023-10-14,1000
,jamie drysdale,VGK,ANA,2023-10-14,14:40:48,2023-10-14,1000
,ben hutton,VGK,ANA,2023-10-14,14:40:48,2023-10-14,1000
,brayden mcnabb,VGK,ANA,2023-10-14,14:40:48,2023-10-14,1300
,nicolas hague,VGK,ANA,2023-10-14,14:40:48,2023-10-14,1300
,urho vaakanainen,VGK,ANA,2023-10-14,14:40:48,2023-10-14,1700
,colton white,VGK,ANA,2023-10-14,14:40:48,2023-10-14,1700
,ilya lyubushkin,VGK,ANA,2023-10-14,14:40:48,2023-10-14,2200
,radko gudas,VGK,ANA,2023-10-14,14:40:48,2023-10-14,2200
,robert hagg,VGK,ANA,2023-10-14,14:40:48,2023-10-14,2200
,connor mcdavid,EDM,VAN,2023-10-14,14:40:48,2023-10-14,-125
,leon draisaitl,EDM,VAN,2023-10-14,14:40:48,2023-10-14,-110
,elias pettersson,EDM,VAN,2023-10-14,14:40:48,2023-10-14,150
,zach hyman,EDM,VAN,2023-10-14,14:40:48,2023-10-14,150
,evander kane,EDM,VAN,2023-10-14,14:40:48,2023-10-14,170
,ryan nugent hopkins,EDM,VAN,2023-10-14,14:40:48,2023-10-14,175
,andrei kuzmenko,EDM,VAN,2023-10-14,14:40:48,2023-10-14,180
,connor brown,EDM,VAN,2023-10-14,14:40:48,2023-10-14,175
,brock boeser,EDM,VAN,2023-10-14,14:40:48,2023-10-14,200
,jt miller,EDM,VAN,2023-10-14,14:40:48,2023-10-14,220
,anthony beauvillier,EDM,VAN,2023-10-14,14:40:48,2023-10-14,320
,ryan mcleod,EDM,VAN,2023-10-14,14:40:48,2023-10-14,330
,evan bouchard,EDM,VAN,2023-10-14,14:40:48,2023-10-14,330
,conor garland,EDM,VAN,2023-10-14,14:40:48,2023-10-14,330
,dylan holloway,EDM,VAN,2023-10-14,14:40:48,2023-10-14,350
,phillip di giuseppe,EDM,VAN,2023-10-14,14:40:48,2023-10-14,400
,vasily podkolzin,EDM,VAN,2023-10-14,14:40:48,2023-10-14,400
,warren foegele,EDM,VAN,2023-10-14,14:40:48,2023-10-14,400
,derek ryan,EDM,VAN,2023-10-14,14:40:48,2023-10-14,400
,nils hoglander,EDM,VAN,2023-10-14,14:40:48,2023-10-14,450
,mattias janmark,EDM,VAN,2023-10-14,14:40:48,2023-10-14,450
,mattias ekholm,EDM,VAN,2023-10-14,14:40:48,2023-10-14,500
,sam lafferty,EDM,VAN,2023-10-14,14:40:48,2023-10-14,500
,dakota joshua,EDM,VAN,2023-10-14,14:40:48,2023-10-14,450
,pius suter,EDM,VAN,2023-10-14,14:40:48,2023-10-14,500
,akito hirose,EDM,VAN,2023-10-14,14:40:48,2023-10-14,500
,darnell nurse,EDM,VAN,2023-10-14,14:40:48,2023-10-14,500
,quinn hughes,EDM,VAN,2023-10-14,14:40:48,2023-10-14,600
,filip hronek,EDM,VAN,2023-10-14,14:40:48,2023-10-14,600
,philip broberg,EDM,VAN,2023-10-14,14:40:48,2023-10-14,700
,nils aman,EDM,VAN,2023-10-14,14:40:48,2023-10-14,750
,teddy blueger,EDM,VAN,2023-10-14,14:40:48,2023-10-14,750
,markus niemelainen,EDM,VAN,2023-10-14,14:40:48,2023-10-14,1100
,cole mcward,EDM,VAN,2023-10-14,14:40:48,2023-10-14,1300
,brett kulak,EDM,VAN,2023-10-14,14:40:48,2023-10-14,1300
,noah juulsen,EDM,VAN,2023-10-14,14:40:48,2023-10-14,1700
,ian cole,EDM,VAN,2023-10-14,14:40:48,2023-10-14,1700
,cody ceci,EDM,VAN,2023-10-14,14:40:48,2023-10-14,2000
,vincent desharnais,EDM,VAN,2023-10-14,14:40:48,2023-10-14,1900
,tyler myers,EDM,VAN,2023-10-14,14:40:48,2023-10-14,2500
,sebastian aho (car),LAK,CAR,2023-10-14,14:40:48,2023-10-14,150
,adrian kempe,LAK,CAR,2023-10-14,14:40:48,2023-10-14,170
,martin necas,LAK,CAR,2023-10-14,14:40:48,2023-10-14,205
,pierre luc dubois,LAK,CAR,2023-10-14,14:40:48,2023-10-14,205
,seth jarvis,LAK,CAR,2023-10-14,14:40:48,2023-10-14,230
,viktor arvidsson,LAK,CAR,2023-10-14,14:40:48,2023-10-14,250
,kevin fiala,LAK,CAR,2023-10-14,14:40:48,2023-10-14,235
,anze kopitar,LAK,CAR,2023-10-14,14:40:48,2023-10-14,250
,michael bunting,LAK,CAR,2023-10-14,14:40:48,2023-10-14,240
,teuvo teravainen,LAK,CAR,2023-10-14,14:40:48,2023-10-14,310
,jesperi kotkaniemi,LAK,CAR,2023-10-14,14:40:48,2023-10-14,310
,quinton byfield,LAK,CAR,2023-10-14,14:40:48,2023-10-14,320
,arthur kaliyev,LAK,CAR,2023-10-14,14:40:48,2023-10-14,360
,jordan martinook,LAK,CAR,2023-10-14,14:40:48,2023-10-14,360
,phillip danault,LAK,CAR,2023-10-14,14:40:48,2023-10-14,390
,carl grundstrom,LAK,CAR,2023-10-14,14:40:48,2023-10-14,425
,trevor moore,LAK,CAR,2023-10-14,14:40:48,2023-10-14,425
,jordan staal,LAK,CAR,2023-10-14,14:40:48,2023-10-14,425
,jesper fast,LAK,CAR,2023-10-14,14:40:48,2023-10-14,425
,stefan noesen,LAK,CAR,2023-10-14,14:40:48,2023-10-14,425
,brent burns,LAK,CAR,2023-10-14,14:40:48,2023-10-14,475
,brendan lemieux,LAK,CAR,2023-10-14,14:40:48,2023-10-14,600
,jack drury,LAK,CAR,2023-10-14,14:40:48,2023-10-14,550
,tony deangelo,LAK,CAR,2023-10-14,14:40:48,2023-10-14,600
,blake lizotte,LAK,CAR,2023-10-14,14:40:48,2023-10-14,600
,brady skjei,LAK,CAR,2023-10-14,14:40:48,2023-10-14,650
,dmitry orlov,LAK,CAR,2023-10-14,14:40:48,2023-10-14,650
,drew doughty,LAK,CAR,2023-10-14,14:40:48,2023-10-14,700
,trevor lewis,LAK,CAR,2023-10-14,14:40:48,2023-10-14,700
,vladislav gavrikov,LAK,CAR,2023-10-14,14:40:48,2023-10-14,950
,matt roy,LAK,CAR,2023-10-14,14:40:48,2023-10-14,800
,tobias bjornfot,LAK,CAR,2023-10-14,14:40:48,2023-10-14,1100
,jaccob slavin,LAK,CAR,2023-10-14,14:40:48,2023-10-14,1100
,mikey anderson,LAK,CAR,2023-10-14,14:40:48,2023-10-14,1100
,brett pesce,LAK,CAR,2023-10-14,14:40:48,2023-10-14,1100
,jordan spence,LAK,CAR,2023-10-14,14:40:48,2023-10-14,1100
,jalen chatfield,LAK,CAR,2023-10-14,14:40:48,2023-10-14,1300
,andreas englund,LAK,CAR,2023-10-14,14:40:48,2023-10-14,1800
,brayden point,OTT,TBL,2023-10-15,11:00:42,2023-10-15,115
,tim stutzle,OTT,TBL,2023-10-15,11:00:42,2023-10-15,125
,brady tkachuk,OTT,TBL,2023-10-15,11:00:42,2023-10-15,140
,nikita kucherov,OTT,TBL,2023-10-15,11:00:42,2023-10-15,165
,steven stamkos,OTT,TBL,2023-10-15,11:00:42,2023-10-15,165
,claude giroux,OTT,TBL,2023-10-15,11:00:42,2023-10-15,200
,drake batherson,OTT,TBL,2023-10-15,11:00:42,2023-10-15,210
,brandon hagel,OTT,TBL,2023-10-15,11:00:42,2023-10-15,225
,vladimir tarasenko,OTT,TBL,2023-10-15,11:00:42,2023-10-15,260
,nicholas paul,OTT,TBL,2023-10-15,11:00:42,2023-10-15,260
,conor sheary,OTT,TBL,2023-10-15,11:00:42,2023-10-15,300
,anthony cirelli,OTT,TBL,2023-10-15,11:00:42,2023-10-15,300
,dominik kubalik,OTT,TBL,2023-10-15,11:00:42,2023-10-15,300
,mikey eyssimont,OTT,TBL,2023-10-15,11:00:42,2023-10-15,350
,ridly greig,OTT,TBL,2023-10-15,11:00:42,2023-10-15,330
,tanner jeannot,OTT,TBL,2023-10-15,11:00:42,2023-10-15,380
,waltteri merela,OTT,TBL,2023-10-15,11:00:42,2023-10-15,400
,jakob chychrun,OTT,TBL,2023-10-15,11:00:42,2023-10-15,400
,rourke chartier,OTT,TBL,2023-10-15,11:00:42,2023-10-15,400
,alex barre boulet,OTT,TBL,2023-10-15,11:00:42,2023-10-15,400
,mark kastelic,OTT,TBL,2023-10-15,11:00:42,2023-10-15,550
,victor hedman,OTT,TBL,2023-10-15,11:00:42,2023-10-15,475
,mathieu joseph,OTT,TBL,2023-10-15,11:00:42,2023-10-15,475
,mikhail sergachev,OTT,TBL,2023-10-15,11:00:42,2023-10-15,475
,thomas chabot,OTT,TBL,2023-10-15,11:00:42,2023-10-15,475
,austin watson,OTT,TBL,2023-10-15,11:00:42,2023-10-15,600
,parker kelly,OTT,TBL,2023-10-15,11:00:42,2023-10-15,600
,jake sanderson,OTT,TBL,2023-10-15,11:00:42,2023-10-15,700
,zack macewen,OTT,TBL,2023-10-15,11:00:42,2023-10-15,700
,luke glendening,OTT,TBL,2023-10-15,11:00:42,2023-10-15,700
,erik brannstrom,OTT,TBL,2023-10-15,11:00:42,2023-10-15,900
,nick perbix,OTT,TBL,2023-10-15,11:00:42,2023-10-15,900
,travis hamonic,OTT,TBL,2023-10-15,11:00:42,2023-10-15,900
,artyom zub,OTT,TBL,2023-10-15,11:00:42,2023-10-15,900
,erik cernak,OTT,TBL,2023-10-15,11:00:42,2023-10-15,1200
,haydn fleury,OTT,TBL,2023-10-15,11:00:42,2023-10-15,1200
,darren raddysh,OTT,TBL,2023-10-15,11:00:42,2023-10-15,1200
,calvin de haan,OTT,TBL,2023-10-15,11:00:42,2023-10-15,1600
,zach bogosian,OTT,TBL,2023-10-15,11:00:42,2023-10-15,2000
,sebastian aho (car),ANA,CAR,2023-10-15,11:00:42,2023-10-15,120
,seth jarvis,ANA,CAR,2023-10-15,11:00:42,2023-10-15,175
,martin necas,ANA,CAR,2023-10-15,11:00:42,2023-10-15,160
,michael bunting,ANA,CAR,2023-10-15,11:00:42,2023-10-15,200
,troy terry,ANA,CAR,2023-10-15,11:00:42,2023-10-15,220
,trevor zegras,ANA,CAR,2023-10-15,11:00:42,2023-10-15,230
,teuvo teravainen,ANA,CAR,2023-10-15,11:00:42,2023-10-15,250
,jesperi kotkaniemi,ANA,CAR,2023-10-15,11:00:42,2023-10-15,250
,jordan martinook,ANA,CAR,2023-10-15,11:00:42,2023-10-15,300
,adam henrique,ANA,CAR,2023-10-15,11:00:42,2023-10-15,290
,jesper fast,ANA,CAR,2023-10-15,11:00:42,2023-10-15,350
,stefan noesen,ANA,CAR,2023-10-15,11:00:42,2023-10-15,350
,jordan staal,ANA,CAR,2023-10-15,11:00:42,2023-10-15,350
,mason mctavish,ANA,CAR,2023-10-15,11:00:42,2023-10-15,320
,ryan strome,ANA,CAR,2023-10-15,11:00:42,2023-10-15,350
,brent burns,ANA,CAR,2023-10-15,11:00:42,2023-10-15,380
,jack drury,ANA,CAR,2023-10-15,11:00:42,2023-10-15,425
,tony deangelo,ANA,CAR,2023-10-15,11:00:42,2023-10-15,475
,brendan lemieux,ANA,CAR,2023-10-15,11:00:42,2023-10-15,475
,dmitry orlov,ANA,CAR,2023-10-15,11:00:42,2023-10-15,550
,max jones,ANA,CAR,2023-10-15,11:00:42,2023-10-15,500
,jakob silfverberg,ANA,CAR,2023-10-15,11:00:42,2023-10-15,500
,brady skjei,ANA,CAR,2023-10-15,11:00:42,2023-10-15,550
,cam fowler,ANA,CAR,2023-10-15,11:00:42,2023-10-15,600
,andrew agozzino,ANA,CAR,2023-10-15,11:00:42,2023-10-15,650
,pavol regenda,ANA,CAR,2023-10-15,11:00:42,2023-10-15,650
,sam carrick,ANA,CAR,2023-10-15,11:00:42,2023-10-15,650
,brett leason,ANA,CAR,2023-10-15,11:00:42,2023-10-15,800
,brett pesce,ANA,CAR,2023-10-15,11:00:42,2023-10-15,900
,brock mcginn,ANA,CAR,2023-10-15,11:00:42,2023-10-15,750
,jaccob slavin,ANA,CAR,2023-10-15,11:00:42,2023-10-15,900
,jamie drysdale,ANA,CAR,2023-10-15,11:00:42,2023-10-15,1000
,jalen chatfield,ANA,CAR,2023-10-15,11:00:42,2023-10-15,1100
,urho vaakanainen,ANA,CAR,2023-10-15,11:00:42,2023-10-15,1600
,colton white,ANA,CAR,2023-10-15,11:00:42,2023-10-15,1600
,ilya lyubushkin,ANA,CAR,2023-10-15,11:00:42,2023-10-15,2000
,radko gudas,ANA,CAR,2023-10-15,11:00:42,2023-10-15,2000
,robert hagg,ANA,CAR,2023-10-15,11:00:42,2023-10-15,2000
,auston matthews,TOR,CHI,2023-10-16,11:11:21,2023-10-16,-140
,william nylander,TOR,CHI,2023-10-16,11:11:21,2023-10-16,110
,john tavares,TOR,CHI,2023-10-16,11:11:21,2023-10-16,120
,mitchell marner,TOR,CHI,2023-10-16,11:11:21,2023-10-16,150
,connor bedard,TOR,CHI,2023-10-16,11:11:21,2023-10-16,165
,tyler bertuzzi,TOR,CHI,2023-10-16,11:11:21,2023-10-16,190
,max domi,TOR,CHI,2023-10-16,11:11:21,2023-10-16,220
,calle jarnkrok,TOR,CHI,2023-10-16,11:11:21,2023-10-16,220
,taylor hall,TOR,CHI,2023-10-16,11:11:21,2023-10-16,250
,matthew knies,TOR,CHI,2023-10-16,11:11:21,2023-10-16,255
,fraser minten,TOR,CHI,2023-10-16,11:11:21,2023-10-16,280
,nicholas robertson,TOR,CHI,2023-10-16,11:11:21,2023-10-16,310
,lukas reichel,TOR,CHI,2023-10-16,11:11:21,2023-10-16,330
,ryan donato,TOR,CHI,2023-10-16,11:11:21,2023-10-16,330
,pontus holmberg,TOR,CHI,2023-10-16,11:11:21,2023-10-16,340
,andreas athanasiou,TOR,CHI,2023-10-16,11:11:21,2023-10-16,350
,john klingberg,TOR,CHI,2023-10-16,11:11:21,2023-10-16,380
,noah gregor,TOR,CHI,2023-10-16,11:11:21,2023-10-16,380
,philipp kurashev,TOR,CHI,2023-10-16,11:11:21,2023-10-16,425
,tyler johnson,TOR,CHI,2023-10-16,11:11:21,2023-10-16,400
,boris katchouk,TOR,CHI,2023-10-16,11:11:21,2023-10-16,500
,cole guttman,TOR,CHI,2023-10-16,11:11:21,2023-10-16,500
,corey perry,TOR,CHI,2023-10-16,11:11:21,2023-10-16,500
,david kampf,TOR,CHI,2023-10-16,11:11:21,2023-10-16,475
,ryan reaves,TOR,CHI,2023-10-16,11:11:21,2023-10-16,550
,jason dickinson,TOR,CHI,2023-10-16,11:11:21,2023-10-16,550
,morgan rielly,TOR,CHI,2023-10-16,11:11:21,2023-10-16,550
,nick foligno,TOR,CHI,2023-10-16,11:11:21,2023-10-16,650
,timothy liljegren,TOR,CHI,2023-10-16,11:11:21,2023-10-16,650
,seth jones,TOR,CHI,2023-10-16,11:11:21,2023-10-16,650
,mackenzie entwistle,TOR,CHI,2023-10-16,11:11:21,2023-10-16,650
,reese johnson,TOR,CHI,2023-10-16,11:11:21,2023-10-16,800
,connor murphy,TOR,CHI,2023-10-16,11:11:21,2023-10-16,800
,tj brodie,TOR,CHI,2023-10-16,11:11:21,2023-10-16,950
,mark giordano,TOR,CHI,2023-10-16,11:11:21,2023-10-16,950
,kevin korchinski,TOR,CHI,2023-10-16,11:11:21,2023-10-16,900
,jake mccabe,TOR,CHI,2023-10-16,11:11:21,2023-10-16,950
,wyatt kaiser,TOR,CHI,2023-10-16,11:11:21,2023-10-16,1500
,alex vlasic,TOR,CHI,2023-10-16,11:11:21,2023-10-16,1500
,nikita zaitsev,TOR,CHI,2023-10-16,11:11:21,2023-10-16,1500
,jarred tinordi,TOR,CHI,2023-10-16,11:11:21,2023-10-16,2000
,mika zibanejad,NYR,ARI,2023-10-16,11:11:21,2023-10-16,110
,chris kreider,NYR,ARI,2023-10-16,11:11:21,2023-10-16,120
,clayton keller,NYR,ARI,2023-10-16,11:11:21,2023-10-16,160
,artemi panarin,NYR,ARI,2023-10-16,11:11:21,2023-10-16,150
,filip chytil,NYR,ARI,2023-10-16,11:11:21,2023-10-16,210
,nick schmaltz,NYR,ARI,2023-10-16,11:11:21,2023-10-16,200
,vincent trocheck,NYR,ARI,2023-10-16,11:11:21,2023-10-16,230
,kaapo kakko,NYR,ARI,2023-10-16,11:11:21,2023-10-16,250
,blake wheeler,NYR,ARI,2023-10-16,11:11:21,2023-10-16,250
,alexis lafreniere,NYR,ARI,2023-10-16,11:11:21,2023-10-16,270
,barrett hayton,NYR,ARI,2023-10-16,11:11:21,2023-10-16,280
,will cuylle,NYR,ARI,2023-10-16,11:11:21,2023-10-16,290
,jason zucker,NYR,ARI,2023-10-16,11:11:21,2023-10-16,300
,lawson crouse,NYR,ARI,2023-10-16,11:11:21,2023-10-16,350
,logan cooley,NYR,ARI,2023-10-16,11:11:21,2023-10-16,350
,adam fox,NYR,ARI,2023-10-16,11:11:21,2023-10-16,425
,nick bonino,NYR,ARI,2023-10-16,11:11:21,2023-10-16,425
,jimmy vesey,NYR,ARI,2023-10-16,11:11:21,2023-10-16,425
,matias maccelli,NYR,ARI,2023-10-16,11:11:21,2023-10-16,425
,barclay goodrow,NYR,ARI,2023-10-16,11:11:21,2023-10-16,450
,jack mcbain,NYR,ARI,2023-10-16,11:11:21,2023-10-16,500
,tyler pitlick,NYR,ARI,2023-10-16,11:11:21,2023-10-16,500
,travis boyd,NYR,ARI,2023-10-16,11:11:21,2023-10-16,500
,alexander kerfoot,NYR,ARI,2023-10-16,11:11:21,2023-10-16,450
,kandre miller,NYR,ARI,2023-10-16,11:11:21,2023-10-16,500
,erik gustafsson,NYR,ARI,2023-10-16,11:11:21,2023-10-16,500
,jacob trouba,NYR,ARI,2023-10-16,11:11:21,2023-10-16,600
,liam obrien,NYR,ARI,2023-10-16,11:11:21,2023-10-16,600
,michael carcone,NYR,ARI,2023-10-16,11:11:21,2023-10-16,600
,janis moser,NYR,ARI,2023-10-16,11:11:21,2023-10-16,650
,sean durzi,NYR,ARI,2023-10-16,11:11:21,2023-10-16,600
,nick bjugstad,NYR,ARI,2023-10-16,11:11:21,2023-10-16,600
,zac jones,NYR,ARI,2023-10-16,11:11:21,2023-10-16,850
,juuso valimaki,NYR,ARI,2023-10-16,11:11:21,2023-10-16,1000
,matt dumba,NYR,ARI,2023-10-16,11:11:21,2023-10-16,1000
,braden schneider,NYR,ARI,2023-10-16,11:11:21,2023-10-16,1000
,troy stecher,NYR,ARI,2023-10-16,11:11:21,2023-10-16,1200
,josh brown,NYR,ARI,2023-10-16,11:11:21,2023-10-16,1400
,travis dermott,NYR,ARI,2023-10-16,11:11:21,2023-10-16,1400
,ryan lindgren,NYR,ARI,2023-10-16,11:11:21,2023-10-16,2000
,jack hughes,NJD,FLA,2023-10-16,11:11:21,2023-10-16,100
,timo meier,NJD,FLA,2023-10-16,11:11:21,2023-10-16,130
,matthew tkachuk,NJD,FLA,2023-10-16,11:11:21,2023-10-16,140
,nico hischier,NJD,FLA,2023-10-16,11:11:21,2023-10-16,160
,tyler toffoli,NJD,FLA,2023-10-16,11:11:21,2023-10-16,160
,carter verhaeghe,NJD,FLA,2023-10-16,11:11:21,2023-10-16,150
,jesper bratt,NJD,FLA,2023-10-16,11:11:21,2023-10-16,160
,sam reinhart,NJD,FLA,2023-10-16,11:11:21,2023-10-16,210
,aleksander barkov,NJD,FLA,2023-10-16,11:11:21,2023-10-16,210
,dawson mercer,NJD,FLA,2023-10-16,11:11:21,2023-10-16,210
,ondrej palat,NJD,FLA,2023-10-16,11:11:21,2023-10-16,270
,dougie hamilton,NJD,FLA,2023-10-16,11:11:21,2023-10-16,280
,alexander holtz,NJD,FLA,2023-10-16,11:11:21,2023-10-16,300
,evan rodrigues,NJD,FLA,2023-10-16,11:11:21,2023-10-16,280
,anton lundell,NJD,FLA,2023-10-16,11:11:21,2023-10-16,350
,eetu luostarinen,NJD,FLA,2023-10-16,11:11:21,2023-10-16,350
,nick cousins,NJD,FLA,2023-10-16,11:11:21,2023-10-16,400
,chris tierney,NJD,FLA,2023-10-16,11:11:21,2023-10-16,425
,erik haula,NJD,FLA,2023-10-16,11:11:21,2023-10-16,425
,curtis lazar,NJD,FLA,2023-10-16,11:11:21,2023-10-16,500
,michael mcleod,NJD,FLA,2023-10-16,11:11:21,2023-10-16,500
,nathan bastian,NJD,FLA,2023-10-16,11:11:21,2023-10-16,500
,luke hughes,NJD,FLA,2023-10-16,11:11:21,2023-10-16,500
,tomas nosek,NJD,FLA,2023-10-16,11:11:21,2023-10-16,500
,gustav forsling,NJD,FLA,2023-10-16,11:11:21,2023-10-16,550
,kevin stenlund,NJD,FLA,2023-10-16,11:11:21,2023-10-16,600
,steven lorentz,NJD,FLA,2023-10-16,11:11:21,2023-10-16,600
,ryan lomberg,NJD,FLA,2023-10-16,11:11:21,2023-10-16,600
,colin miller,NJD,FLA,2023-10-16,11:11:21,2023-10-16,850
,oliver ekman larsson,NJD,FLA,2023-10-16,11:11:21,2023-10-16,700
,mike reilly,NJD,FLA,2023-10-16,11:11:21,2023-10-16,900
,john marino,NJD,FLA,2023-10-16,11:11:21,2023-10-16,1100
,uvis balinskis,NJD,FLA,2023-10-16,11:11:21,2023-10-16,1100
,kevin bahl,NJD,FLA,2023-10-16,11:11:21,2023-10-16,1400
,jonas siegenthaler,NJD,FLA,2023-10-16,11:11:21,2023-10-16,1400
,dmitry kulikov,NJD,FLA,2023-10-16,11:11:21,2023-10-16,1700
,josh mahura,NJD,FLA,2023-10-16,11:11:21,2023-10-16,1700
,brendan smith,NJD,FLA,2023-10-16,11:11:21,2023-10-16,1900
,niko mikkola,NJD,FLA,2023-10-16,11:11:21,2023-10-16,2500
,patrik laine,CBJ,DET,2023-10-16,11:11:21,2023-10-16,125
,alex debrincat,CBJ,DET,2023-10-16,11:11:21,2023-10-16,140
,dylan larkin,CBJ,DET,2023-10-16,11:11:21,2023-10-16,150
,boone jenner,CBJ,DET,2023-10-16,11:11:21,2023-10-16,160
,david perron,CBJ,DET,2023-10-16,11:11:21,2023-10-16,190
,johnny gaudreau,CBJ,DET,2023-10-16,11:11:21,2023-10-16,175
,kirill marchenko,CBJ,DET,2023-10-16,11:11:21,2023-10-16,225
,daniel sprong,CBJ,DET,2023-10-16,11:11:21,2023-10-16,225
,lucas raymond,CBJ,DET,2023-10-16,11:11:21,2023-10-16,250
,cole sillinger,CBJ,DET,2023-10-16,11:11:21,2023-10-16,265
,robby fabbri,CBJ,DET,2023-10-16,11:11:21,2023-10-16,300
,alexandre texier,CBJ,DET,2023-10-16,11:11:21,2023-10-16,300
,adam fantilli,CBJ,DET,2023-10-16,11:11:21,2023-10-16,300
,jt compher,CBJ,DET,2023-10-16,11:11:21,2023-10-16,275
,kent johnson,CBJ,DET,2023-10-16,11:11:21,2023-10-16,300
,jack roslovic,CBJ,DET,2023-10-16,11:11:21,2023-10-16,350
,michael rasmussen,CBJ,DET,2023-10-16,11:11:21,2023-10-16,330
,andrew copp,CBJ,DET,2023-10-16,11:11:21,2023-10-16,350
,emil bemstrom,CBJ,DET,2023-10-16,11:11:21,2023-10-16,350
,joe veleno,CBJ,DET,2023-10-16,11:11:21,2023-10-16,380
,christian fischer,CBJ,DET,2023-10-16,11:11:21,2023-10-16,425
,klim kostin,CBJ,DET,2023-10-16,11:11:21,2023-10-16,450
,justin danforth,CBJ,DET,2023-10-16,11:11:21,2023-10-16,500
,mathieu olivier,CBJ,DET,2023-10-16,11:11:21,2023-10-16,500
,eric robinson,CBJ,DET,2023-10-16,11:11:21,2023-10-16,500
,liam foudy,CBJ,DET,2023-10-16,11:11:21,2023-10-16,500
,shayne gostisbehere,CBJ,DET,2023-10-16,11:11:21,2023-10-16,450
,jake walman,CBJ,DET,2023-10-16,11:11:21,2023-10-16,450
,sean kuraly,CBJ,DET,2023-10-16,11:11:21,2023-10-16,550
,moritz seider,CBJ,DET,2023-10-16,11:11:21,2023-10-16,600
,adam boqvist,CBJ,DET,2023-10-16,11:11:21,2023-10-16,650
,david jiricek,CBJ,DET,2023-10-16,11:11:21,2023-10-16,650
,jeff petry,CBJ,DET,2023-10-16,11:11:21,2023-10-16,800
,andrew peeke,CBJ,DET,2023-10-16,11:11:21,2023-10-16,700
,damon severson,CBJ,DET,2023-10-16,11:11:21,2023-10-16,700
,ivan provorov,CBJ,DET,2023-10-16,11:11:21,2023-10-16,850
,ben chiarot,CBJ,DET,2023-10-16,11:11:21,2023-10-16,900
,jake bean,CBJ,DET,2023-10-16,11:11:21,2023-10-16,1000
,olli maatta,CBJ,DET,2023-10-16,11:11:21,2023-10-16,1400
,erik gudbranson,CBJ,DET,2023-10-16,11:11:21,2023-10-16,2200
,justin holl,CBJ,DET,2023-10-16,11:11:21,2023-10-16,2200
,alex ovechkin,WSH,CGY,2023-10-16,11:11:21,2023-10-16,105
,elias lindholm,WSH,CGY,2023-10-16,11:11:21,2023-10-16,175
,tom wilson,WSH,CGY,2023-10-16,11:11:21,2023-10-16,215
,tj oshie,WSH,CGY,2023-10-16,11:11:21,2023-10-16,250
,nazem kadri,WSH,CGY,2023-10-16,11:11:21,2023-10-16,225
,dillon dube,WSH,CGY,2023-10-16,11:11:21,2023-10-16,290
,dylan strome,WSH,CGY,2023-10-16,11:11:21,2023-10-16,300
,jonathan huberdeau,WSH,CGY,2023-10-16,11:11:21,2023-10-16,250
,evgeny kuznetsov,WSH,CGY,2023-10-16,11:11:21,2023-10-16,300
,andrew mangiapane,WSH,CGY,2023-10-16,11:11:21,2023-10-16,265
,sonny milano,WSH,CGY,2023-10-16,11:11:21,2023-10-16,350
,matt coronato,WSH,CGY,2023-10-16,11:11:21,2023-10-16,330
,mikael backlund,WSH,CGY,2023-10-16,11:11:21,2023-10-16,300
,adam ruzicka,WSH,CGY,2023-10-16,11:11:21,2023-10-16,330
,yegor sharangovich,WSH,CGY,2023-10-16,11:11:21,2023-10-16,300
,nicklas backstrom,WSH,CGY,2023-10-16,11:11:21,2023-10-16,350
,connor mcmichael,WSH,CGY,2023-10-16,11:11:21,2023-10-16,350
,anthony mantha,WSH,CGY,2023-10-16,11:11:21,2023-10-16,350
,blake coleman,WSH,CGY,2023-10-16,11:11:21,2023-10-16,380
,john carlson,WSH,CGY,2023-10-16,11:11:21,2023-10-16,390
,aliaksei protas,WSH,CGY,2023-10-16,11:11:21,2023-10-16,425
,beck malenstyn,WSH,CGY,2023-10-16,11:11:21,2023-10-16,550
,walker duehr,WSH,CGY,2023-10-16,11:11:21,2023-10-16,500
,aj greer,WSH,CGY,2023-10-16,11:11:21,2023-10-16,500
,matthew phillips,WSH,CGY,2023-10-16,11:11:21,2023-10-16,550
,rasmus andersson,WSH,CGY,2023-10-16,11:11:21,2023-10-16,600
,dryden hunt,WSH,CGY,2023-10-16,11:11:21,2023-10-16,600
,nikita zadorov,WSH,CGY,2023-10-16,11:11:21,2023-10-16,650
,nic dowd,WSH,CGY,2023-10-16,11:11:21,2023-10-16,600
,noah hanifin,WSH,CGY,2023-10-16,11:11:21,2023-10-16,650
,rasmus sandin,WSH,CGY,2023-10-16,11:11:21,2023-10-16,600
,martin fehervary,WSH,CGY,2023-10-16,11:11:21,2023-10-16,750
,mackenzie weegar,WSH,CGY,2023-10-16,11:11:21,2023-10-16,750
,trevor van riemsdyk,WSH,CGY,2023-10-16,11:11:21,2023-10-16,850
,lucas johansen,WSH,CGY,2023-10-16,11:11:21,2023-10-16,1000
,jordan oesterle,WSH,CGY,2023-10-16,11:11:21,2023-10-16,1000
,nick jensen,WSH,CGY,2023-10-16,11:11:21,2023-10-16,1200
,christopher tanev,WSH,CGY,2023-10-16,11:11:21,2023-10-16,1200
,dennis gilbert,WSH,CGY,2023-10-16,11:11:21,2023-10-16,1200
,alexander alexeyev,WSH,CGY,2023-10-16,11:11:21,2023-10-16,1200
,elias pettersson,PHI,VAN,2023-10-17,11:22:14,2023-10-17,120
,travis konecny,PHI,VAN,2023-10-17,11:22:14,2023-10-17,150
,andrei kuzmenko,PHI,VAN,2023-10-17,11:22:14,2023-10-17,140
,brock boeser,PHI,VAN,2023-10-17,11:22:14,2023-10-17,160
,jt miller,PHI,VAN,2023-10-17,11:22:14,2023-10-17,180
,owen tippett,PHI,VAN,2023-10-17,11:22:14,2023-10-17,200
,anthony beauvillier,PHI,VAN,2023-10-17,11:22:14,2023-10-17,260
,joel farabee,PHI,VAN,2023-10-17,11:22:14,2023-10-17,250
,conor garland,PHI,VAN,2023-10-17,11:22:14,2023-10-17,280
,morgan frost,PHI,VAN,2023-10-17,11:22:14,2023-10-17,280
,cam atkinson,PHI,VAN,2023-10-17,11:22:14,2023-10-17,260
,bobby brink,PHI,VAN,2023-10-17,11:22:14,2023-10-17,300
,phillip di giuseppe,PHI,VAN,2023-10-17,11:22:14,2023-10-17,320
,scott laughton,PHI,VAN,2023-10-17,11:22:14,2023-10-17,320
,noah cates,PHI,VAN,2023-10-17,11:22:14,2023-10-17,350
,tyson foerster,PHI,VAN,2023-10-17,11:22:14,2023-10-17,370
,nils hoglander,PHI,VAN,2023-10-17,11:22:14,2023-10-17,380
,dakota joshua,PHI,VAN,2023-10-17,11:22:14,2023-10-17,380
,sam lafferty,PHI,VAN,2023-10-17,11:22:14,2023-10-17,425
,quinn hughes,PHI,VAN,2023-10-17,11:22:14,2023-10-17,450
,pius suter,PHI,VAN,2023-10-17,11:22:14,2023-10-17,425
,akito hirose,PHI,VAN,2023-10-17,11:22:14,2023-10-17,425
,garnet hathaway,PHI,VAN,2023-10-17,11:22:14,2023-10-17,500
,ryan poehling,PHI,VAN,2023-10-17,11:22:14,2023-10-17,500
,filip hronek,PHI,VAN,2023-10-17,11:22:14,2023-10-17,550
,cameron york,PHI,VAN,2023-10-17,11:22:14,2023-10-17,600
,nicolas deslauriers,PHI,VAN,2023-10-17,11:22:14,2023-10-17,650
,travis sanheim,PHI,VAN,2023-10-17,11:22:14,2023-10-17,750
,emil andrae,PHI,VAN,2023-10-17,11:22:14,2023-10-17,750
,egor zamula,PHI,VAN,2023-10-17,11:22:14,2023-10-17,1100
,rasmus ristolainen,PHI,VAN,2023-10-17,11:22:14,2023-10-17,1300
,nick seeler,PHI,VAN,2023-10-17,11:22:14,2023-10-17,1300
,ian cole,PHI,VAN,2023-10-17,11:22:14,2023-10-17,1500
,noah juulsen,PHI,VAN,2023-10-17,11:22:14,2023-10-17,1500
,marc staal,PHI,VAN,2023-10-17,11:22:14,2023-10-17,1700
,sean walker,PHI,VAN,2023-10-17,11:22:14,2023-10-17,1700
,tyler myers,PHI,VAN,2023-10-17,11:22:14,2023-10-17,2200
,kirill kaprizov,MTL,MIN,2023-10-17,11:22:14,2023-10-17,-110
,cole caufield,MTL,MIN,2023-10-17,11:22:14,2023-10-17,110
,mats zuccarello,MTL,MIN,2023-10-17,11:22:14,2023-10-17,205
,nick suzuki,MTL,MIN,2023-10-17,11:22:14,2023-10-17,210
,josh anderson,MTL,MIN,2023-10-17,11:22:14,2023-10-17,210
,joel eriksson ek,MTL,MIN,2023-10-17,11:22:14,2023-10-17,215
,ryan hartman,MTL,MIN,2023-10-17,11:22:14,2023-10-17,250
,frederick gaudreau,MTL,MIN,2023-10-17,11:22:14,2023-10-17,275
,marcus johansson,MTL,MIN,2023-10-17,11:22:14,2023-10-17,265
,brendan gallagher,MTL,MIN,2023-10-17,11:22:14,2023-10-17,290
,rafael harvey pinard,MTL,MIN,2023-10-17,11:22:14,2023-10-17,330
,sean monahan,MTL,MIN,2023-10-17,11:22:14,2023-10-17,330
,alex newhook,MTL,MIN,2023-10-17,11:22:14,2023-10-17,330
,marcus foligno,MTL,MIN,2023-10-17,11:22:14,2023-10-17,390
,juraj slafkovsky,MTL,MIN,2023-10-17,11:22:14,2023-10-17,425
,brandon duhaime,MTL,MIN,2023-10-17,11:22:14,2023-10-17,425
,tanner pearson,MTL,MIN,2023-10-17,11:22:14,2023-10-17,450
,mike matheson,MTL,MIN,2023-10-17,11:22:14,2023-10-17,450
,michael pezzetta,MTL,MIN,2023-10-17,11:22:14,2023-10-17,550
,jesse ylonen,MTL,MIN,2023-10-17,11:22:14,2023-10-17,500
,connor dewar,MTL,MIN,2023-10-17,11:22:14,2023-10-17,600
,pat maroon,MTL,MIN,2023-10-17,11:22:14,2023-10-17,600
,calen addison,MTL,MIN,2023-10-17,11:22:14,2023-10-17,600
,jake evans,MTL,MIN,2023-10-17,11:22:14,2023-10-17,700
,alex goligoski,MTL,MIN,2023-10-17,11:22:14,2023-10-17,800
,brock faber,MTL,MIN,2023-10-17,11:22:14,2023-10-17,800
,arber xhekaj,MTL,MIN,2023-10-17,11:22:14,2023-10-17,800
,kaiden guhle,MTL,MIN,2023-10-17,11:22:14,2023-10-17,800
,justin barron,MTL,MIN,2023-10-17,11:22:14,2023-10-17,900
,jonas brodin,MTL,MIN,2023-10-17,11:22:14,2023-10-17,900
,david savard,MTL,MIN,2023-10-17,11:22:14,2023-10-17,1100
,jordan harris,MTL,MIN,2023-10-17,11:22:14,2023-10-17,1100
,jacob middleton,MTL,MIN,2023-10-17,11:22:14,2023-10-17,1100
,johnathan kovacevic,MTL,MIN,2023-10-17,11:22:14,2023-10-17,1600
,jon merrill,MTL,MIN,2023-10-17,11:22:14,2023-10-17,2200
,tage thompson,BUF,TBL,2023-10-17,11:22:14,2023-10-17,100
,brayden point,BUF,TBL,2023-10-17,11:22:14,2023-10-17,110
,alex tuch,BUF,TBL,2023-10-17,11:22:14,2023-10-17,150
,jeff skinner,BUF,TBL,2023-10-17,11:22:14,2023-10-17,150
,steven stamkos,BUF,TBL,2023-10-17,11:22:14,2023-10-17,170
,nikita kucherov,BUF,TBL,2023-10-17,11:22:14,2023-10-17,170
,dylan cozens,BUF,TBL,2023-10-17,11:22:14,2023-10-17,200
,brandon hagel,BUF,TBL,2023-10-17,11:22:14,2023-10-17,220
,victor olofsson,BUF,TBL,2023-10-17,11:22:14,2023-10-17,230
,nicholas paul,BUF,TBL,2023-10-17,11:22:14,2023-10-17,260
,conor sheary,BUF,TBL,2023-10-17,11:22:14,2023-10-17,300
,anthony cirelli,BUF,TBL,2023-10-17,11:22:14,2023-10-17,320
,jordan greenway,BUF,TBL,2023-10-17,11:22:14,2023-10-17,320
,zach benson,BUF,TBL,2023-10-17,11:22:14,2023-10-17,320
,casey mittelstadt,BUF,TBL,2023-10-17,11:22:14,2023-10-17,320
,mikey eyssimont,BUF,TBL,2023-10-17,11:22:14,2023-10-17,340
,rasmus dahlin,BUF,TBL,2023-10-17,11:22:14,2023-10-17,350
,tanner jeannot,BUF,TBL,2023-10-17,11:22:14,2023-10-17,370
,john jason peterka,BUF,TBL,2023-10-17,11:22:14,2023-10-17,390
,alex barre boulet,BUF,TBL,2023-10-17,11:22:14,2023-10-17,400
,waltteri merela,BUF,TBL,2023-10-17,11:22:14,2023-10-17,400
,kyle okposo,BUF,TBL,2023-10-17,11:22:14,2023-10-17,475
,mikhail sergachev,BUF,TBL,2023-10-17,11:22:14,2023-10-17,475
,tyson jost,BUF,TBL,2023-10-17,11:22:14,2023-10-17,550
,victor hedman,BUF,TBL,2023-10-17,11:22:14,2023-10-17,475
,peyton krebs,BUF,TBL,2023-10-17,11:22:14,2023-10-17,475
,owen power,BUF,TBL,2023-10-17,11:22:14,2023-10-17,600
,zemgus girgensons,BUF,TBL,2023-10-17,11:22:14,2023-10-17,600
,austin watson,BUF,TBL,2023-10-17,11:22:14,2023-10-17,600
,mattias samuelsson,BUF,TBL,2023-10-17,11:22:14,2023-10-17,800
,luke glendening,BUF,TBL,2023-10-17,11:22:14,2023-10-17,700
,erik johnson,BUF,TBL,2023-10-17,11:22:14,2023-10-17,900
,nick perbix,BUF,TBL,2023-10-17,11:22:14,2023-10-17,1000
,henri jokiharju,BUF,TBL,2023-10-17,11:22:14,2023-10-17,900
,connor clifton,BUF,TBL,2023-10-17,11:22:14,2023-10-17,1200
,darren raddysh,BUF,TBL,2023-10-17,11:22:14,2023-10-17,1200
,erik cernak,BUF,TBL,2023-10-17,11:22:14,2023-10-17,1200
,haydn fleury,BUF,TBL,2023-10-17,11:22:14,2023-10-17,1200
,jacob bryson,BUF,TBL,2023-10-17,11:22:14,2023-10-17,1500
,calvin de haan,BUF,TBL,2023-10-17,11:22:14,2023-10-17,1600
,zach bogosian,BUF,TBL,2023-10-17,11:22:14,2023-10-17,2200
,brock nelson,NYI,ARI,2023-10-17,11:22:14,2023-10-17,125
,bo horvat,NYI,ARI,2023-10-17,11:22:14,2023-10-17,140
,clayton keller,NYI,ARI,2023-10-17,11:22:14,2023-10-17,170
,anders lee,NYI,ARI,2023-10-17,11:22:14,2023-10-17,190
,kyle palmieri,NYI,ARI,2023-10-17,11:22:14,2023-10-17,210
,nick schmaltz,NYI,ARI,2023-10-17,11:22:14,2023-10-17,205
,mathew barzal,NYI,ARI,2023-10-17,11:22:14,2023-10-17,210
,pierre engvall,NYI,ARI,2023-10-17,11:22:14,2023-10-17,295
,oliver wahlstrom,NYI,ARI,2023-10-17,11:22:14,2023-10-17,295
,barrett hayton,NYI,ARI,2023-10-17,11:22:14,2023-10-17,300
,jean gabriel pageau,NYI,ARI,2023-10-17,11:22:14,2023-10-17,320
,jason zucker,NYI,ARI,2023-10-17,11:22:14,2023-10-17,320
,hudson fasching,NYI,ARI,2023-10-17,11:22:14,2023-10-17,350
,lawson crouse,NYI,ARI,2023-10-17,11:22:14,2023-10-17,360
,noah dobson,NYI,ARI,2023-10-17,11:22:14,2023-10-17,380
,logan cooley,NYI,ARI,2023-10-17,11:22:14,2023-10-17,360
,matias maccelli,NYI,ARI,2023-10-17,11:22:14,2023-10-17,450
,alexander kerfoot,NYI,ARI,2023-10-17,11:22:14,2023-10-17,475
,simon holmstrom,NYI,ARI,2023-10-17,11:22:14,2023-10-17,450
,jack mcbain,NYI,ARI,2023-10-17,11:22:14,2023-10-17,550
,cal clutterbuck,NYI,ARI,2023-10-17,11:22:14,2023-10-17,500
,travis boyd,NYI,ARI,2023-10-17,11:22:14,2023-10-17,600
,liam obrien,NYI,ARI,2023-10-17,11:22:14,2023-10-17,650
,michael carcone,NYI,ARI,2023-10-17,11:22:14,2023-10-17,650
,sean durzi,NYI,ARI,2023-10-17,11:22:14,2023-10-17,650
,nick bjugstad,NYI,ARI,2023-10-17,11:22:14,2023-10-17,650
,janis moser,NYI,ARI,2023-10-17,11:22:14,2023-10-17,700
,samuel bolduc,NYI,ARI,2023-10-17,11:22:14,2023-10-17,650
,matt martin,NYI,ARI,2023-10-17,11:22:14,2023-10-17,650
,adam pelech,NYI,ARI,2023-10-17,11:22:14,2023-10-17,650
,ryan pulock,NYI,ARI,2023-10-17,11:22:14,2023-10-17,650
,casey cizikas,NYI,ARI,2023-10-17,11:22:14,2023-10-17,650
,scott mayfield,NYI,ARI,2023-10-17,11:22:14,2023-10-17,900
,sebastian aho (nyi),NYI,ARI,2023-10-17,11:22:14,2023-10-17,650
,juuso valimaki,NYI,ARI,2023-10-17,11:22:14,2023-10-17,1100
,matt dumba,NYI,ARI,2023-10-17,11:22:14,2023-10-17,1100
,troy stecher,NYI,ARI,2023-10-17,11:22:14,2023-10-17,1200
,alexander romanov,NYI,ARI,2023-10-17,11:22:14,2023-10-17,1500
,josh brown,NYI,ARI,2023-10-17,11:22:14,2023-10-17,1500
,travis dermott,NYI,ARI,2023-10-17,11:22:14,2023-10-17,1500
,connor mcdavid,NSH,EDM,2023-10-17,11:22:14,2023-10-17,-115
,leon draisaitl,NSH,EDM,2023-10-17,11:22:14,2023-10-17,105
,filip forsberg,NSH,EDM,2023-10-17,11:22:14,2023-10-17,165
,zach hyman,NSH,EDM,2023-10-17,11:22:14,2023-10-17,175
,evander kane,NSH,EDM,2023-10-17,11:22:14,2023-10-17,175
,connor brown,NSH,EDM,2023-10-17,11:22:14,2023-10-17,210
,ryan nugent hopkins,NSH,EDM,2023-10-17,11:22:14,2023-10-17,210
,ryan oreilly,NSH,EDM,2023-10-17,11:22:14,2023-10-17,250
,thomas novak,NSH,EDM,2023-10-17,11:22:14,2023-10-17,265
,cody glass,NSH,EDM,2023-10-17,11:22:14,2023-10-17,275
,juuso parssinen,NSH,EDM,2023-10-17,11:22:14,2023-10-17,300
,roman josi,NSH,EDM,2023-10-17,11:22:14,2023-10-17,275
,gustav nyquist,NSH,EDM,2023-10-17,11:22:14,2023-10-17,275
,luke evangelista,NSH,EDM,2023-10-17,11:22:14,2023-10-17,275
,evan bouchard,NSH,EDM,2023-10-17,11:22:14,2023-10-17,380
,kiefer sherwood,NSH,EDM,2023-10-17,11:22:14,2023-10-17,380
,ryan mcleod,NSH,EDM,2023-10-17,11:22:14,2023-10-17,380
,samuel fagemo,NSH,EDM,2023-10-17,11:22:14,2023-10-17,400
,colton sissons,NSH,EDM,2023-10-17,11:22:14,2023-10-17,400
,dylan holloway,NSH,EDM,2023-10-17,11:22:14,2023-10-17,400
,philip tomasino,NSH,EDM,2023-10-17,11:22:14,2023-10-17,400
,adam erne,NSH,EDM,2023-10-17,11:22:14,2023-10-17,450
,warren foegele,NSH,EDM,2023-10-17,11:22:14,2023-10-17,450
,yakov trenin,NSH,EDM,2023-10-17,11:22:14,2023-10-17,450
,derek ryan,NSH,EDM,2023-10-17,11:22:14,2023-10-17,450
,mattias janmark,NSH,EDM,2023-10-17,11:22:14,2023-10-17,500
,michael mccarron,NSH,EDM,2023-10-17,11:22:14,2023-10-17,550
,tyson barrie,NSH,EDM,2023-10-17,11:22:14,2023-10-17,600
,darnell nurse,NSH,EDM,2023-10-17,11:22:14,2023-10-17,600
,cole smith,NSH,EDM,2023-10-17,11:22:14,2023-10-17,600
,mattias ekholm,NSH,EDM,2023-10-17,11:22:14,2023-10-17,600
,philip broberg,NSH,EDM,2023-10-17,11:22:14,2023-10-17,750
,ryan mcdonagh,NSH,EDM,2023-10-17,11:22:14,2023-10-17,1000
,alexandre carrier,NSH,EDM,2023-10-17,11:22:14,2023-10-17,1200
,luke schenn,NSH,EDM,2023-10-17,11:22:14,2023-10-17,1200
,dante fabbro,NSH,EDM,2023-10-17,11:22:14,2023-10-17,1200
,jeremy lauzon,NSH,EDM,2023-10-17,11:22:14,2023-10-17,1200
,brett kulak,NSH,EDM,2023-10-17,11:22:14,2023-10-17,1400
,cody ceci,NSH,EDM,2023-10-17,11:22:14,2023-10-17,2200
,vincent desharnais,NSH,EDM,2023-10-17,11:22:14,2023-10-17,2200
,kyle connor,WPG,LAK,2023-10-17,11:22:14,2023-10-17,130
,mark scheifele,WPG,LAK,2023-10-17,11:22:14,2023-10-17,140
,adrian kempe,WPG,LAK,2023-10-17,11:22:14,2023-10-17,160
,pierre luc dubois,WPG,LAK,2023-10-17,11:22:14,2023-10-17,200
,gabriel vilardi,WPG,LAK,2023-10-17,11:22:14,2023-10-17,200
,nikolaj ehlers,WPG,LAK,2023-10-17,11:22:14,2023-10-17,200
,anze kopitar,WPG,LAK,2023-10-17,11:22:14,2023-10-17,240
,nino niederreiter,WPG,LAK,2023-10-17,11:22:14,2023-10-17,250
,kevin fiala,WPG,LAK,2023-10-17,11:22:14,2023-10-17,225
,alex iafallo,WPG,LAK,2023-10-17,11:22:14,2023-10-17,320
,cole perfetti,WPG,LAK,2023-10-17,11:22:14,2023-10-17,300
,quinton byfield,WPG,LAK,2023-10-17,11:22:14,2023-10-17,300
,arthur kaliyev,WPG,LAK,2023-10-17,11:22:14,2023-10-17,350
,phillip danault,WPG,LAK,2023-10-17,11:22:14,2023-10-17,380
,josh morrissey,WPG,LAK,2023-10-17,11:22:14,2023-10-17,400
,trevor moore,WPG,LAK,2023-10-17,11:22:14,2023-10-17,400
,carl grundstrom,WPG,LAK,2023-10-17,11:22:14,2023-10-17,400
,adam lowry,WPG,LAK,2023-10-17,11:22:14,2023-10-17,450
,rasmus kupari,WPG,LAK,2023-10-17,11:22:14,2023-10-17,550
,jaret anderson dolan,WPG,LAK,2023-10-17,11:22:14,2023-10-17,550
,vladislav namestnikov,WPG,LAK,2023-10-17,11:22:14,2023-10-17,500
,mason appleton,WPG,LAK,2023-10-17,11:22:14,2023-10-17,500
,david gustafsson,WPG,LAK,2023-10-17,11:22:14,2023-10-17,550
,morgan barron,WPG,LAK,2023-10-17,11:22:14,2023-10-17,600
,neal pionk,WPG,LAK,2023-10-17,11:22:14,2023-10-17,600
,blake lizotte,WPG,LAK,2023-10-17,11:22:14,2023-10-17,600
,nate schmidt,WPG,LAK,2023-10-17,11:22:14,2023-10-17,700
,drew doughty,WPG,LAK,2023-10-17,11:22:14,2023-10-17,700
,trevor lewis,WPG,LAK,2023-10-17,11:22:14,2023-10-17,700
,vladislav gavrikov,WPG,LAK,2023-10-17,11:22:14,2023-10-17,900
,dylan demelo,WPG,LAK,2023-10-17,11:22:14,2023-10-17,850
,matt roy,WPG,LAK,2023-10-17,11:22:14,2023-10-17,750
,mikey anderson,WPG,LAK,2023-10-17,11:22:14,2023-10-17,1000
,jordan spence,WPG,LAK,2023-10-17,11:22:14,2023-10-17,1000
,tobias bjornfot,WPG,LAK,2023-10-17,11:22:14,2023-10-17,1000
,dylan samberg,WPG,LAK,2023-10-17,11:22:14,2023-10-17,1200
,logan stanley,WPG,LAK,2023-10-17,11:22:14,2023-10-17,1200
,declan chisholm,WPG,LAK,2023-10-17,11:22:14,2023-10-17,1200
,brenden dillon,WPG,LAK,2023-10-17,11:22:14,2023-10-17,1600
,andreas englund,WPG,LAK,2023-10-17,11:22:14,2023-10-17,1700
,mikko rantanen,SEA,COL,2023-10-17,11:22:14,2023-10-17,-110
,nathan mackinnon,SEA,COL,2023-10-17,11:22:14,2023-10-17,105
,jared mccann,SEA,COL,2023-10-17,11:22:14,2023-10-17,145
,valeri nichushkin,SEA,COL,2023-10-17,11:22:14,2023-10-17,225
,artturi lehkonen,SEA,COL,2023-10-17,11:22:14,2023-10-17,240
,matty beniers,SEA,COL,2023-10-17,11:22:14,2023-10-17,250
,jaden schwartz,SEA,COL,2023-10-17,11:22:14,2023-10-17,265
,cale makar,SEA,COL,2023-10-17,11:22:14,2023-10-17,270
,ryan johansen,SEA,COL,2023-10-17,11:22:14,2023-10-17,290
,andre burakovsky,SEA,COL,2023-10-17,11:22:14,2023-10-17,280
,eeli tolvanen,SEA,COL,2023-10-17,11:22:14,2023-10-17,320
,oliver bjorkstrand,SEA,COL,2023-10-17,11:22:14,2023-10-17,320
,jordan eberle,SEA,COL,2023-10-17,11:22:14,2023-10-17,295
,jonathan drouin,SEA,COL,2023-10-17,11:22:14,2023-10-17,330
,tomas tatar,SEA,COL,2023-10-17,11:22:14,2023-10-17,330
,miles wood,SEA,COL,2023-10-17,11:22:14,2023-10-17,400
,ross colton,SEA,COL,2023-10-17,11:22:14,2023-10-17,400
,bowen byram,SEA,COL,2023-10-17,11:22:14,2023-10-17,400
,yanni gourde,SEA,COL,2023-10-17,11:22:14,2023-10-17,425
,alex wennberg,SEA,COL,2023-10-17,11:22:14,2023-10-17,450
,tye kartye,SEA,COL,2023-10-17,11:22:14,2023-10-17,450
,brandon tanev,SEA,COL,2023-10-17,11:22:14,2023-10-17,500
,vince dunn,SEA,COL,2023-10-17,11:22:14,2023-10-17,500
,andrew cogliano,SEA,COL,2023-10-17,11:22:14,2023-10-17,550
,fredrik olofsson,SEA,COL,2023-10-17,11:22:14,2023-10-17,550
,kailer yamamoto,SEA,COL,2023-10-17,11:22:14,2023-10-17,500
,logan oconnor,SEA,COL,2023-10-17,11:22:14,2023-10-17,600
,ben meyers,SEA,COL,2023-10-17,11:22:14,2023-10-17,600
,kurtis macdermid,SEA,COL,2023-10-17,11:22:14,2023-10-17,700
,devon toews,SEA,COL,2023-10-17,11:22:14,2023-10-17,700
,jamie oleksiak,SEA,COL,2023-10-17,11:22:14,2023-10-17,800
,justin schultz,SEA,COL,2023-10-17,11:22:14,2023-10-17,800
,pierre edouard bellemare,SEA,COL,2023-10-17,11:22:14,2023-10-17,800
,samuel girard,SEA,COL,2023-10-17,11:22:14,2023-10-17,800
,josh manson,SEA,COL,2023-10-17,11:22:14,2023-10-17,950
,jack johnson,SEA,COL,2023-10-17,11:22:14,2023-10-17,1500
,jaycob megna,SEA,COL,2023-10-17,11:22:14,2023-10-17,1700
,will borgen,SEA,COL,2023-10-17,11:22:14,2023-10-17,1700
,brian dumoulin,SEA,COL,2023-10-17,11:22:14,2023-10-17,2500
,sebastian aho (car),SJS,CAR,2023-10-17,11:22:14,2023-10-17,115
,martin necas,SJS,CAR,2023-10-17,11:22:14,2023-10-17,165
,seth jarvis,SJS,CAR,2023-10-17,11:22:14,2023-10-17,190
,michael bunting,SJS,CAR,2023-10-17,11:22:14,2023-10-17,200
,tomas hertl,SJS,CAR,2023-10-17,11:22:14,2023-10-17,210
,teuvo teravainen,SJS,CAR,2023-10-17,11:22:14,2023-10-17,260
,jordan martinook,SJS,CAR,2023-10-17,11:22:14,2023-10-17,260
,jesperi kotkaniemi,SJS,CAR,2023-10-17,11:22:14,2023-10-17,260
,mike hoffman,SJS,CAR,2023-10-17,11:22:14,2023-10-17,260
,brent burns,SJS,CAR,2023-10-17,11:22:14,2023-10-17,350
,jesper fast,SJS,CAR,2023-10-17,11:22:14,2023-10-17,350
,stefan noesen,SJS,CAR,2023-10-17,11:22:14,2023-10-17,350
,alexander barabanov,SJS,CAR,2023-10-17,11:22:14,2023-10-17,330
,jordan staal,SJS,CAR,2023-10-17,11:22:14,2023-10-17,350
,luke kunin,SJS,CAR,2023-10-17,11:22:14,2023-10-17,330
,filip zadina,SJS,CAR,2023-10-17,11:22:14,2023-10-17,350
,anthony duclair,SJS,CAR,2023-10-17,11:22:14,2023-10-17,380
,william eklund,SJS,CAR,2023-10-17,11:22:14,2023-10-17,380
,jack drury,SJS,CAR,2023-10-17,11:22:14,2023-10-17,425
,tony deangelo,SJS,CAR,2023-10-17,11:22:14,2023-10-17,475
,thomas bordeleau,SJS,CAR,2023-10-17,11:22:14,2023-10-17,450
,brendan lemieux,SJS,CAR,2023-10-17,11:22:14,2023-10-17,475
,brady skjei,SJS,CAR,2023-10-17,11:22:14,2023-10-17,550
,kevin labanc,SJS,CAR,2023-10-17,11:22:14,2023-10-17,550
,dmitry orlov,SJS,CAR,2023-10-17,11:22:14,2023-10-17,550
,fabian zetterlund,SJS,CAR,2023-10-17,11:22:14,2023-10-17,600
,jacob peterson,SJS,CAR,2023-10-17,11:22:14,2023-10-17,550
,nico sturm,SJS,CAR,2023-10-17,11:22:14,2023-10-17,600
,henry thrun,SJS,CAR,2023-10-17,11:22:14,2023-10-17,700
,jaccob slavin,SJS,CAR,2023-10-17,11:22:14,2023-10-17,850
,givani smith,SJS,CAR,2023-10-17,11:22:14,2023-10-17,850
,brett pesce,SJS,CAR,2023-10-17,11:22:14,2023-10-17,850
,jalen chatfield,SJS,CAR,2023-10-17,11:22:14,2023-10-17,1000
,mario ferraro,SJS,CAR,2023-10-17,11:22:14,2023-10-17,1100
,kyle burroughs,SJS,CAR,2023-10-17,11:22:14,2023-10-17,1200
,nikolai knyzhov,SJS,CAR,2023-10-17,11:22:14,2023-10-17,1200
,jan rutta,SJS,CAR,2023-10-17,11:22:14,2023-10-17,1600
,matt benning,SJS,CAR,2023-10-17,11:22:14,2023-10-17,2000
,marc edouard vlasic,SJS,CAR,2023-10-17,11:22:14,2023-10-17,2000
,jason robertson,VGK,DAL,2023-10-17,11:22:14,2023-10-17,145
,jack eichel,VGK,DAL,2023-10-17,11:22:14,2023-10-17,155
,roope hintz,VGK,DAL,2023-10-17,11:22:14,2023-10-17,160
,jonathan marchessault,VGK,DAL,2023-10-17,11:22:14,2023-10-17,170
,mark stone,VGK,DAL,2023-10-17,11:22:14,2023-10-17,185
,joe pavelski,VGK,DAL,2023-10-17,11:22:14,2023-10-17,260
,jamie benn,VGK,DAL,2023-10-17,11:22:14,2023-10-17,275
,ivan barbashev,VGK,DAL,2023-10-17,11:22:14,2023-10-17,285
,wyatt johnston,VGK,DAL,2023-10-17,11:22:14,2023-10-17,295
,tyler seguin,VGK,DAL,2023-10-17,11:22:14,2023-10-17,310
,chandler stephenson,VGK,DAL,2023-10-17,11:22:14,2023-10-17,330
,matt duchene,VGK,DAL,2023-10-17,11:22:14,2023-10-17,330
,william karlsson,VGK,DAL,2023-10-17,11:22:14,2023-10-17,350
,mason marchment,VGK,DAL,2023-10-17,11:22:14,2023-10-17,390
,brett howden,VGK,DAL,2023-10-17,11:22:14,2023-10-17,380
,michael amadio,VGK,DAL,2023-10-17,11:22:14,2023-10-17,380
,nicolas roy,VGK,DAL,2023-10-17,11:22:14,2023-10-17,400
,evgenii dadonov,VGK,DAL,2023-10-17,11:22:14,2023-10-17,425
,paul cotter,VGK,DAL,2023-10-17,11:22:14,2023-10-17,550
,shea theodore,VGK,DAL,2023-10-17,11:22:14,2023-10-17,550
,miro heiskanen,VGK,DAL,2023-10-17,11:22:14,2023-10-17,550
,pavel dorofeyev,VGK,DAL,2023-10-17,11:22:14,2023-10-17,550
,william carrier,VGK,DAL,2023-10-17,11:22:14,2023-10-17,550
,ty dellandrea,VGK,DAL,2023-10-17,11:22:14,2023-10-17,550
,craig smith,VGK,DAL,2023-10-17,11:22:14,2023-10-17,550
,alex pietrangelo,VGK,DAL,2023-10-17,11:22:14,2023-10-17,550
,sam steel,VGK,DAL,2023-10-17,11:22:14,2023-10-17,600
,radek faksa,VGK,DAL,2023-10-17,11:22:14,2023-10-17,700
,keegan kolesar,VGK,DAL,2023-10-17,11:22:14,2023-10-17,650
,nils lundkvist,VGK,DAL,2023-10-17,11:22:14,2023-10-17,800
,esa lindell,VGK,DAL,2023-10-17,11:22:14,2023-10-17,900
,thomas harley,VGK,DAL,2023-10-17,11:22:14,2023-10-17,900
,ryan suter,VGK,DAL,2023-10-17,11:22:14,2023-10-17,1100
,jani hakanpaa,VGK,DAL,2023-10-17,11:22:14,2023-10-17,1300
,brayden mcnabb,VGK,DAL,2023-10-17,11:22:14,2023-10-17,2000
,ben hutton,VGK,DAL,2023-10-17,11:22:14,2023-10-17,1300
,kaedan korczak,VGK,DAL,2023-10-17,11:22:14,2023-10-17,1300
,brayden pachal,VGK,DAL,2023-10-17,11:22:14,2023-10-17,1300
,nicolas hague,VGK,DAL,2023-10-17,11:22:14,2023-10-17,1700
,joel hanley,VGK,DAL,2023-10-17,11:22:14,2023-10-17,1700
